[{"AssociateGroup":null,"ProjectGroupPlan":null,"Id":"5a061db2-08b1-4706-8e68-011fd8deb350","AssociateGroupId":"c9cdf0bd-6e5e-4de0-ae50-7ae0df2c96d6","ProjectGroupPlanId":"2543df72-50b4-43f8-a5d1-a7ff9c28137a","Status":false,"CompletionDate":null,"Proof":null,"Active":true},{"AssociateGroup":null,"ProjectGroupPlan":null,"Id":"3272c7dd-3fbf-4888-be1c-0e308723c876","AssociateGroupId":"c9cdf0bd-6e5e-4de0-ae50-7ae0df2c96d6","ProjectGroupPlanId":"0616be7b-28bc-45c0-9202-5b119ae575d2","Status":false,"CompletionDate":null,"Proof":null,"Active":true},{"AssociateGroup":null,"ProjectGroupPlan":null,"Id":"75e84fb6-fe41-4355-9394-1273e29523af","AssociateGroupId":"c9cdf0bd-6e5e-4de0-ae50-7ae0df2c96d6","ProjectGroupPlanId":"2bba6df1-de5d-4d7c-ae81-7cf1ffab78f2","Status":false,"CompletionDate":null,"Proof":null,"Active":true},{"AssociateGroup":null,"ProjectGroupPlan":null,"Id":"7f21f5cd-9e12-4e46-ae6e-2698106a3607","AssociateGroupId":"c9cdf0bd-6e5e-4de0-ae50-7ae0df2c96d6","ProjectGroupPlanId":"ebeaab11-f42b-4615-b6a2-26907ae4a701","Status":false,"CompletionDate":null,"Proof":null,"Active":true},{"AssociateGroup":null,"ProjectGroupPlan":null,"Id":"986e826f-f129-44d4-87f2-2a3ff2c031ff","AssociateGroupId":"c9cdf0bd-6e5e-4de0-ae50-7ae0df2c96d6","ProjectGroupPlanId":"f16ed125-5dcf-4324-9d48-3832ca9c740f","Status":false,"CompletionDate":null,"Proof":null,"Active":true},{"AssociateGroup":null,"ProjectGroupPlan":null,"Id":"33da4126-f01d-47a8-8d5b-3c439b3e066c","AssociateGroupId":"c9cdf0bd-6e5e-4de0-ae50-7ae0df2c96d6","ProjectGroupPlanId":"409fbb0e-d057-4b70-9303-f1dee10f363a","Status":false,"CompletionDate":null,"Proof":null,"Active":true},{"AssociateGroup":null,"ProjectGroupPlan":null,"Id":"54d7c0f5-84b3-4161-8dda-425eeb8d3f84","AssociateGroupId":"c9cdf0bd-6e5e-4de0-ae50-7ae0df2c96d6","ProjectGroupPlanId":"2bcc822c-1bff-4b6a-a02c-c86003ac3f15","Status":false,"CompletionDate":null,"Proof":null,"Active":true},{"AssociateGroup":null,"ProjectGroupPlan":null,"Id":"8aff000e-3db4-482c-aeb1-44855af45a73","AssociateGroupId":"c9cdf0bd-6e5e-4de0-ae50-7ae0df2c96d6","ProjectGroupPlanId":"bd8fd63a-4f06-4d0f-b857-b1d26418417c","Status":false,"CompletionDate":null,"Proof":null,"Active":true},{"AssociateGroup":null,"ProjectGroupPlan":null,"Id":"1cf2b804-4444-41ad-8b7e-47a4d0d2c5f4","AssociateGroupId":"c9cdf0bd-6e5e-4de0-ae50-7ae0df2c96d6","ProjectGroupPlanId":"d91e0021-5629-4166-a4aa-64b2a87a5ab4","Status":false,"CompletionDate":null,"Proof":null,"Active":true},{"AssociateGroup":null,"ProjectGroupPlan":null,"Id":"ce2115cc-9fcb-4a69-97b3-4ba5a01a9b72","AssociateGroupId":"c9cdf0bd-6e5e-4de0-ae50-7ae0df2c96d6","ProjectGroupPlanId":"e38ffafa-5b47-4681-bbda-234b2deade34","Status":false,"CompletionDate":null,"Proof":null,"Active":true},{"AssociateGroup":null,"ProjectGroupPlan":null,"Id":"031fce0f-8d5a-4593-a1b9-4e4a296e344a","AssociateGroupId":"c9cdf0bd-6e5e-4de0-ae50-7ae0df2c96d6","ProjectGroupPlanId":"23b62007-a592-4ee5-b2be-881251c8ebd6","Status":false,"CompletionDate":null,"Proof":null,"Active":true},{"AssociateGroup":null,"ProjectGroupPlan":null,"Id":"34b2ac3c-0714-494e-95b5-4f04b7b6dff9","AssociateGroupId":"c9cdf0bd-6e5e-4de0-ae50-7ae0df2c96d6","ProjectGroupPlanId":"b742a903-7041-4309-8be6-9dd9bddcdce1","Status":false,"CompletionDate":null,"Proof":null,"Active":true},{"AssociateGroup":null,"ProjectGroupPlan":null,"Id":"7ded1172-c5f5-4807-b38d-52a2b5d88bdd","AssociateGroupId":"c9cdf0bd-6e5e-4de0-ae50-7ae0df2c96d6","ProjectGroupPlanId":"4b4fb121-2f28-47ec-b623-07cd9fdab940","Status":false,"CompletionDate":null,"Proof":null,"Active":true},{"AssociateGroup":null,"ProjectGroupPlan":null,"Id":"6403d0af-c53b-411c-9a6c-5cb544027a13","AssociateGroupId":"c9cdf0bd-6e5e-4de0-ae50-7ae0df2c96d6","ProjectGroupPlanId":"b75de1d1-5eef-45e5-8f7f-497216a1613c","Status":false,"CompletionDate":null,"Proof":null,"Active":true},{"AssociateGroup":null,"ProjectGroupPlan":null,"Id":"f47d2b72-15bc-41c4-9064-5fc293d6ebcc","AssociateGroupId":"c9cdf0bd-6e5e-4de0-ae50-7ae0df2c96d6","ProjectGroupPlanId":"600bb0ab-ba5f-4d91-b300-0ade797f3c31","Status":false,"CompletionDate":null,"Proof":null,"Active":true},{"AssociateGroup":null,"ProjectGroupPlan":null,"Id":"79863678-6b69-4f8f-ba63-63b0be0b0048","AssociateGroupId":"c9cdf0bd-6e5e-4de0-ae50-7ae0df2c96d6","ProjectGroupPlanId":"6c59ed2b-cf3c-43fb-bf7d-217a1f0dd4dd","Status":false,"CompletionDate":null,"Proof":null,"Active":true},{"AssociateGroup":null,"ProjectGroupPlan":null,"Id":"0f1c83aa-d6c9-41d5-bf74-67fcdd107c6d","AssociateGroupId":"c9cdf0bd-6e5e-4de0-ae50-7ae0df2c96d6","ProjectGroupPlanId":"23a8af8b-8658-4437-aed4-441b63cdcd6d","Status":false,"CompletionDate":null,"Proof":null,"Active":true},{"AssociateGroup":null,"ProjectGroupPlan":null,"Id":"ffb3d7d3-f5ef-41b1-ab6f-684f2c5ee027","AssociateGroupId":"c9cdf0bd-6e5e-4de0-ae50-7ae0df2c96d6","ProjectGroupPlanId":"4910693c-70ca-4740-829a-383a6fc5b135","Status":false,"CompletionDate":null,"Proof":null,"Active":true},{"AssociateGroup":null,"ProjectGroupPlan":null,"Id":"0bd480c8-446f-4c8c-a90a-6bbd48569a4c","AssociateGroupId":"c9cdf0bd-6e5e-4de0-ae50-7ae0df2c96d6","ProjectGroupPlanId":"0dc83609-1be1-42b6-95bc-d4db5b40b30e","Status":false,"CompletionDate":null,"Proof":null,"Active":true},{"AssociateGroup":null,"ProjectGroupPlan":null,"Id":"c1a94f6a-756d-4c20-bf01-7130515a4a76","AssociateGroupId":"c9cdf0bd-6e5e-4de0-ae50-7ae0df2c96d6","ProjectGroupPlanId":"401ccbb3-ccc7-48f7-884c-539b612a3fe0","Status":false,"CompletionDate":null,"Proof":null,"Active":true},{"AssociateGroup":null,"ProjectGroupPlan":null,"Id":"0b77e02d-a080-4827-a88b-747dbae9ceeb","AssociateGroupId":"c9cdf0bd-6e5e-4de0-ae50-7ae0df2c96d6","ProjectGroupPlanId":"6793c291-c5eb-4c1b-b31b-402d1a7eed34","Status":false,"CompletionDate":null,"Proof":null,"Active":true},{"AssociateGroup":null,"ProjectGroupPlan":null,"Id":"db2a9865-56b6-458d-896f-79e9ce274afb","AssociateGroupId":"c9cdf0bd-6e5e-4de0-ae50-7ae0df2c96d6","ProjectGroupPlanId":"ec5650be-961b-4bb3-a11a-40ae82f3bf63","Status":false,"CompletionDate":null,"Proof":null,"Active":true},{"AssociateGroup":null,"ProjectGroupPlan":null,"Id":"209866f4-36d8-4aba-a173-7dc784efac5e","AssociateGroupId":"c9cdf0bd-6e5e-4de0-ae50-7ae0df2c96d6","ProjectGroupPlanId":"0c166405-5020-4adf-9dbe-91c4b1eacb01","Status":false,"CompletionDate":null,"Proof":null,"Active":true},{"AssociateGroup":null,"ProjectGroupPlan":null,"Id":"b7b92d2d-254f-473f-ac55-81ca786b236c","AssociateGroupId":"c9cdf0bd-6e5e-4de0-ae50-7ae0df2c96d6","ProjectGroupPlanId":"1b1cc698-1085-4dac-ae6b-a68f409e5f41","Status":false,"CompletionDate":null,"Proof":null,"Active":true},{"AssociateGroup":null,"ProjectGroupPlan":null,"Id":"4d450482-d5d5-4f63-98bd-81ebab5c7ea5","AssociateGroupId":"c9cdf0bd-6e5e-4de0-ae50-7ae0df2c96d6","ProjectGroupPlanId":"4db75023-2f97-479e-b9cd-983b8a455a34","Status":false,"CompletionDate":null,"Proof":null,"Active":true},{"AssociateGroup":null,"ProjectGroupPlan":null,"Id":"a433a47e-23c1-4cab-80ec-887a3ce35510","AssociateGroupId":"c9cdf0bd-6e5e-4de0-ae50-7ae0df2c96d6","ProjectGroupPlanId":"db360354-ee10-44e4-97fa-c558428cb6b8","Status":false,"CompletionDate":null,"Proof":null,"Active":true},{"AssociateGroup":null,"ProjectGroupPlan":null,"Id":"4a399390-92bc-4867-8bda-8b24e6706622","AssociateGroupId":"c9cdf0bd-6e5e-4de0-ae50-7ae0df2c96d6","ProjectGroupPlanId":"0b8e69bd-6e29-4d47-9c91-12ca693700fb","Status":false,"CompletionDate":null,"Proof":null,"Active":true},{"AssociateGroup":null,"ProjectGroupPlan":null,"Id":"1a7f9e67-6105-4118-b418-91078f95f240","AssociateGroupId":"c9cdf0bd-6e5e-4de0-ae50-7ae0df2c96d6","ProjectGroupPlanId":"f28ed035-8774-4635-92f1-337a287bcc83","Status":false,"CompletionDate":null,"Proof":null,"Active":true},{"AssociateGroup":null,"ProjectGroupPlan":null,"Id":"56a466dc-c428-4fe9-abb6-91fa556709a3","AssociateGroupId":"c9cdf0bd-6e5e-4de0-ae50-7ae0df2c96d6","ProjectGroupPlanId":"dd2c0acb-22d7-47ff-afdc-62779244ce6f","Status":false,"CompletionDate":null,"Proof":null,"Active":true},{"AssociateGroup":null,"ProjectGroupPlan":null,"Id":"340f648e-9acf-4452-91f6-a644961563dc","AssociateGroupId":"c9cdf0bd-6e5e-4de0-ae50-7ae0df2c96d6","ProjectGroupPlanId":"0b858bd4-883d-462f-8147-e500f07743ab","Status":false,"CompletionDate":null,"Proof":null,"Active":true},{"AssociateGroup":null,"ProjectGroupPlan":null,"Id":"d7ec1bf5-6913-4c5c-8055-a7afa9d04c85","AssociateGroupId":"c9cdf0bd-6e5e-4de0-ae50-7ae0df2c96d6","ProjectGroupPlanId":"befb685e-eede-4f94-9dd4-edad1acc6147","Status":false,"CompletionDate":null,"Proof":null,"Active":true},{"AssociateGroup":null,"ProjectGroupPlan":null,"Id":"1e1a2d9a-8b17-4467-b846-add68bfc46ef","AssociateGroupId":"c9cdf0bd-6e5e-4de0-ae50-7ae0df2c96d6","ProjectGroupPlanId":"348c3030-5463-402f-96ee-021d0acbc872","Status":false,"CompletionDate":null,"Proof":null,"Active":true},{"AssociateGroup":null,"ProjectGroupPlan":null,"Id":"72c285aa-1528-411e-9c57-ae4da0c9dbe7","AssociateGroupId":"c9cdf0bd-6e5e-4de0-ae50-7ae0df2c96d6","ProjectGroupPlanId":"c5ac0089-81b9-4cb0-b5b7-271a06d7cebf","Status":false,"CompletionDate":null,"Proof":null,"Active":true},{"AssociateGroup":null,"ProjectGroupPlan":null,"Id":"19941bc3-62b2-4a5f-9b85-b3e742cedab2","AssociateGroupId":"c9cdf0bd-6e5e-4de0-ae50-7ae0df2c96d6","ProjectGroupPlanId":"2053ac44-3ce9-44c8-90f4-68cf119865b0","Status":false,"CompletionDate":null,"Proof":null,"Active":true},{"AssociateGroup":null,"ProjectGroupPlan":null,"Id":"6326f838-d500-4457-8800-b4ac54c32f70","AssociateGroupId":"c9cdf0bd-6e5e-4de0-ae50-7ae0df2c96d6","ProjectGroupPlanId":"44793ac7-8c7c-47b8-a1b9-7a272d94ed67","Status":false,"CompletionDate":null,"Proof":null,"Active":true},{"AssociateGroup":null,"ProjectGroupPlan":null,"Id":"645a2d1f-4078-4b6a-8194-b85b4c1ac26f","AssociateGroupId":"c9cdf0bd-6e5e-4de0-ae50-7ae0df2c96d6","ProjectGroupPlanId":"63c222f6-36c6-4ec7-99b1-aec428a51f62","Status":false,"CompletionDate":null,"Proof":null,"Active":true},{"AssociateGroup":null,"ProjectGroupPlan":null,"Id":"8c14ea24-c909-4f5e-a97f-ba88cecfbe32","AssociateGroupId":"c9cdf0bd-6e5e-4de0-ae50-7ae0df2c96d6","ProjectGroupPlanId":"7af2f5ac-1878-4d6e-9ebd-4ef59eaefb17","Status":false,"CompletionDate":null,"Proof":null,"Active":true},{"AssociateGroup":null,"ProjectGroupPlan":null,"Id":"897e4c46-dcf3-4df4-ad14-be52c952bc13","AssociateGroupId":"c9cdf0bd-6e5e-4de0-ae50-7ae0df2c96d6","ProjectGroupPlanId":"cc9278d3-ff0c-425e-a56a-5ec9df45de86","Status":false,"CompletionDate":null,"Proof":null,"Active":true},{"AssociateGroup":null,"ProjectGroupPlan":null,"Id":"cfa2e99c-0242-42ff-8f08-c01895c03964","AssociateGroupId":"c9cdf0bd-6e5e-4de0-ae50-7ae0df2c96d6","ProjectGroupPlanId":"e7efeaf4-519d-4b5b-bb48-70b0ab3cf060","Status":false,"CompletionDate":null,"Proof":null,"Active":true},{"AssociateGroup":null,"ProjectGroupPlan":null,"Id":"c102c9e6-b62c-4dbb-ac3a-c350afc8dfdf","AssociateGroupId":"c9cdf0bd-6e5e-4de0-ae50-7ae0df2c96d6","ProjectGroupPlanId":"42e45b1e-5620-44a6-b9c9-22bab5c07345","Status":false,"CompletionDate":null,"Proof":null,"Active":true},{"AssociateGroup":null,"ProjectGroupPlan":null,"Id":"94085b9c-6a7c-491b-9bbe-c73b83b72c01","AssociateGroupId":"c9cdf0bd-6e5e-4de0-ae50-7ae0df2c96d6","ProjectGroupPlanId":"5a823db6-e699-40e7-87a3-fecf391f882d","Status":false,"CompletionDate":null,"Proof":null,"Active":true},{"AssociateGroup":null,"ProjectGroupPlan":null,"Id":"3167754d-7023-44ae-8efc-cbc46efb9b65","AssociateGroupId":"c9cdf0bd-6e5e-4de0-ae50-7ae0df2c96d6","ProjectGroupPlanId":"a8dfa10c-4bb8-4642-b089-9fcac79fc483","Status":false,"CompletionDate":null,"Proof":null,"Active":true},{"AssociateGroup":null,"ProjectGroupPlan":null,"Id":"c5838a2c-cbba-455e-8971-d1defc8f1d80","AssociateGroupId":"c9cdf0bd-6e5e-4de0-ae50-7ae0df2c96d6","ProjectGroupPlanId":"e82a46b9-d8e7-4452-bcc1-22757a3b7e6b","Status":false,"CompletionDate":null,"Proof":null,"Active":true},{"AssociateGroup":null,"ProjectGroupPlan":null,"Id":"3909c0ce-7d20-4d57-a650-d75f67f135af","AssociateGroupId":"c9cdf0bd-6e5e-4de0-ae50-7ae0df2c96d6","ProjectGroupPlanId":"e6119e60-c047-43c0-8a68-c1eb554d77b2","Status":false,"CompletionDate":null,"Proof":null,"Active":true},{"AssociateGroup":null,"ProjectGroupPlan":null,"Id":"5a83451c-4b31-4a27-b919-ddd62602980c","AssociateGroupId":"c9cdf0bd-6e5e-4de0-ae50-7ae0df2c96d6","ProjectGroupPlanId":"53eed6ae-9529-4c58-b469-7c0ffafc8d04","Status":false,"CompletionDate":null,"Proof":null,"Active":true},{"AssociateGroup":null,"ProjectGroupPlan":null,"Id":"48d0a39d-39dd-40ae-8875-e45644f47fcb","AssociateGroupId":"c9cdf0bd-6e5e-4de0-ae50-7ae0df2c96d6","ProjectGroupPlanId":"9b920165-44db-48ee-8ab0-20c5c656fdc4","Status":false,"CompletionDate":null,"Proof":null,"Active":true},{"AssociateGroup":null,"ProjectGroupPlan":null,"Id":"9c2d0e95-1ab6-464c-b1c6-e8c02f736f21","AssociateGroupId":"c9cdf0bd-6e5e-4de0-ae50-7ae0df2c96d6","ProjectGroupPlanId":"03aeac19-150e-43e7-baa1-b498e83addc6","Status":false,"CompletionDate":null,"Proof":null,"Active":true},{"AssociateGroup":null,"ProjectGroupPlan":null,"Id":"17ecd408-e7b7-42e6-a784-ef746c5ebf4b","AssociateGroupId":"c9cdf0bd-6e5e-4de0-ae50-7ae0df2c96d6","ProjectGroupPlanId":"a9c921f6-e4cf-43aa-9d65-96a42ab09126","Status":false,"CompletionDate":null,"Proof":null,"Active":true},{"AssociateGroup":null,"ProjectGroupPlan":null,"Id":"f9cd4eff-1204-4f49-8080-f701c1708e5e","AssociateGroupId":"c9cdf0bd-6e5e-4de0-ae50-7ae0df2c96d6","ProjectGroupPlanId":"0bb21ea9-6971-4338-9470-1f7a72b76b9f","Status":false,"CompletionDate":null,"Proof":null,"Active":true},{"AssociateGroup":null,"ProjectGroupPlan":null,"Id":"8d4ca834-7080-430f-ad7d-f9f1613913e6","AssociateGroupId":"c9cdf0bd-6e5e-4de0-ae50-7ae0df2c96d6","ProjectGroupPlanId":"427b8c8c-b0e5-414d-970a-c8c78a7869df","Status":false,"CompletionDate":null,"Proof":null,"Active":true},{"AssociateGroup":null,"ProjectGroupPlan":null,"Id":"932964de-c05f-42d4-b488-fad2610356b0","AssociateGroupId":"c9cdf0bd-6e5e-4de0-ae50-7ae0df2c96d6","ProjectGroupPlanId":"310794e7-758d-4e05-bbdb-431a3704e2d8","Status":false,"CompletionDate":null,"Proof":null,"Active":true}]