[{"Associate":null,"Designation":null,"Team":null,"AssociateId":"8a56e534-7ec6-4950-9ebb-0391692bd95b","DesignationId":null,"FNZUserName":null,"FNZStaffId":"adhinaka","FNZRoleId":null,"FNZEmail":null,"AssetNo":null,"VirtualMachineNo":null,"Portfolio":null,"FNZDateofJoining":null,"FNZDateofLeaving":null,"FNZExperience":null,"Billable":null,"Location":null,"ContactNo":null,"TeamId":"2e323bde-0712-4b60-a4a3-79023e8560d3","EmailId":"arulraj.dhinakararajan@cognizant.com","City":null,"SkillSet":null,"ExperienceOfAssociate":null,"Fse":null},{"Associate":null,"Designation":null,"Team":null,"AssociateId":"7c7e6301-f707-4084-b206-0842e735c4ea","DesignationId":null,"FNZUserName":null,"FNZStaffId":"vganjiku","FNZRoleId":null,"FNZEmail":null,"AssetNo":null,"VirtualMachineNo":null,"Portfolio":null,"FNZDateofJoining":null,"FNZDateofLeaving":null,"FNZExperience":null,"Billable":null,"Location":null,"ContactNo":null,"TeamId":"d6710c78-325c-476e-a17e-e76726a395b2","EmailId":"venkata.ganjikunta@cognizant.com","City":null,"SkillSet":null,"ExperienceOfAssociate":null,"Fse":null},{"Associate":null,"Designation":null,"Team":null,"AssociateId":"60831a73-2935-4343-a81f-08d618170c59","DesignationId":null,"FNZUserName":null,"FNZStaffId":"msyed","FNZRoleId":null,"FNZEmail":null,"AssetNo":null,"VirtualMachineNo":null,"Portfolio":null,"FNZDateofJoining":null,"FNZDateofLeaving":null,"FNZExperience":null,"Billable":null,"Location":null,"ContactNo":null,"TeamId":"d6710c78-325c-476e-a17e-e76726a395b2","EmailId":"mobina.sd@cognizant.com","City":null,"SkillSet":null,"ExperienceOfAssociate":null,"Fse":null},{"Associate":null,"Designation":null,"Team":null,"AssociateId":"d858cf61-756b-431e-8c83-0dd8334735c2","DesignationId":null,"FNZUserName":null,"FNZStaffId":"ssanthosh","FNZRoleId":null,"FNZEmail":null,"AssetNo":null,"VirtualMachineNo":null,"Portfolio":null,"FNZDateofJoining":null,"FNZDateofLeaving":null,"FNZExperience":null,"Billable":null,"Location":null,"ContactNo":null,"TeamId":"d6710c78-325c-476e-a17e-e76726a395b2","EmailId":"santhosh.s8@cognizant.com","City":null,"SkillSet":null,"ExperienceOfAssociate":null,"Fse":null},{"Associate":null,"Designation":null,"Team":null,"AssociateId":"4438a402-b86c-4997-bc92-0ef883b68092","DesignationId":null,"FNZUserName":null,"FNZStaffId":"aarunac","FNZRoleId":null,"FNZEmail":null,"AssetNo":null,"VirtualMachineNo":null,"Portfolio":null,"FNZDateofJoining":null,"FNZDateofLeaving":null,"FNZExperience":null,"Billable":null,"Location":null,"ContactNo":null,"TeamId":"d6710c78-325c-476e-a17e-e76726a395b2","EmailId":"abinaya.arunachalam@cognizant.com","City":null,"SkillSet":null,"ExperienceOfAssociate":null,"Fse":null},{"Associate":null,"Designation":null,"Team":null,"AssociateId":"c92bf9dd-d1f0-4374-8c9b-128fd3ddff0b","DesignationId":null,"FNZUserName":null,"FNZStaffId":"spaul","FNZRoleId":null,"FNZEmail":null,"AssetNo":null,"VirtualMachineNo":null,"Portfolio":null,"FNZDateofJoining":null,"FNZDateofLeaving":null,"FNZExperience":null,"Billable":null,"Location":null,"ContactNo":null,"TeamId":"d6710c78-325c-476e-a17e-e76726a395b2","EmailId":"sarbajit.paul@cognizant.com","City":null,"SkillSet":null,"ExperienceOfAssociate":null,"Fse":null},{"Associate":null,"Designation":null,"Team":null,"AssociateId":"12f57eda-d3a5-4c2d-ad5e-15958f9c5ecd","DesignationId":null,"FNZUserName":null,"FNZStaffId":"mmusthaf","FNZRoleId":null,"FNZEmail":null,"AssetNo":null,"VirtualMachineNo":null,"Portfolio":null,"FNZDateofJoining":null,"FNZDateofLeaving":null,"FNZExperience":null,"Billable":null,"Location":null,"ContactNo":null,"TeamId":"d6710c78-325c-476e-a17e-e76726a395b2","EmailId":"mohamednadheem.m@cognizant.com","City":null,"SkillSet":null,"ExperienceOfAssociate":null,"Fse":null},{"Associate":null,"Designation":null,"Team":null,"AssociateId":"33e0dfab-3e41-4cb6-af26-1a6ea30bbb90","DesignationId":null,"FNZUserName":null,"FNZStaffId":"ksakthiv","FNZRoleId":null,"FNZEmail":null,"AssetNo":null,"VirtualMachineNo":null,"Portfolio":null,"FNZDateofJoining":null,"FNZDateofLeaving":null,"FNZExperience":null,"Billable":null,"Location":null,"ContactNo":null,"TeamId":"2e323bde-0712-4b60-a4a3-79023e8560d3","EmailId":"keerthana.sakthivel@cognizant.com","City":null,"SkillSet":null,"ExperienceOfAssociate":null,"Fse":null},{"Associate":null,"Designation":null,"Team":null,"AssociateId":"5ac4b55a-946f-4ee7-a06a-1b05015a7949","DesignationId":null,"FNZUserName":null,"FNZStaffId":"abalakri","FNZRoleId":null,"FNZEmail":null,"AssetNo":null,"VirtualMachineNo":null,"Portfolio":null,"FNZDateofJoining":null,"FNZDateofLeaving":null,"FNZExperience":null,"Billable":null,"Location":null,"ContactNo":null,"TeamId":"d6710c78-325c-476e-a17e-e76726a395b2","EmailId":"Abhilash.Balakrishnan3@cognizant.com","City":null,"SkillSet":null,"ExperienceOfAssociate":null,"Fse":null},{"Associate":null,"Designation":null,"Team":null,"AssociateId":"6942d796-f9e7-4633-9835-1b0a5ae60ed6","DesignationId":null,"FNZUserName":null,"FNZStaffId":"srai","FNZRoleId":null,"FNZEmail":null,"AssetNo":null,"VirtualMachineNo":null,"Portfolio":null,"FNZDateofJoining":null,"FNZDateofLeaving":null,"FNZExperience":null,"Billable":null,"Location":null,"ContactNo":null,"TeamId":"2e323bde-0712-4b60-a4a3-79023e8560d3","EmailId":"sunil.rai3@cognizant.com","City":null,"SkillSet":null,"ExperienceOfAssociate":null,"Fse":null},{"Associate":null,"Designation":null,"Team":null,"AssociateId":"663a7b39-f719-4d52-b8d6-1b8a2f5738b3","DesignationId":null,"FNZUserName":null,"FNZStaffId":"sjaganathan","FNZRoleId":null,"FNZEmail":null,"AssetNo":null,"VirtualMachineNo":null,"Portfolio":null,"FNZDateofJoining":null,"FNZDateofLeaving":null,"FNZExperience":null,"Billable":null,"Location":null,"ContactNo":null,"TeamId":"d6710c78-325c-476e-a17e-e76726a395b2","EmailId":"saravanakumar.j4@cognizant.com","City":null,"SkillSet":null,"ExperienceOfAssociate":null,"Fse":null},{"Associate":null,"Designation":null,"Team":null,"AssociateId":"b2489b52-71bf-4ae0-bee3-1ba10861861e","DesignationId":null,"FNZUserName":null,"FNZStaffId":"rsingh","FNZRoleId":null,"FNZEmail":null,"AssetNo":null,"VirtualMachineNo":null,"Portfolio":null,"FNZDateofJoining":null,"FNZDateofLeaving":null,"FNZExperience":null,"Billable":null,"Location":null,"ContactNo":null,"TeamId":"d6710c78-325c-476e-a17e-e76726a395b2","EmailId":"rahul.singh6@cognizant.com","City":null,"SkillSet":null,"ExperienceOfAssociate":null,"Fse":null},{"Associate":null,"Designation":null,"Team":null,"AssociateId":"4b62e31b-e5d8-44ae-ba6c-23ea493aa2eb","DesignationId":null,"FNZUserName":null,"FNZStaffId":"skumar","FNZRoleId":null,"FNZEmail":null,"AssetNo":null,"VirtualMachineNo":null,"Portfolio":null,"FNZDateofJoining":null,"FNZDateofLeaving":null,"FNZExperience":null,"Billable":null,"Location":null,"ContactNo":null,"TeamId":"2e323bde-0712-4b60-a4a3-79023e8560d3","EmailId":"sushma.k5@cognizant.com","City":null,"SkillSet":null,"ExperienceOfAssociate":null,"Fse":null},{"Associate":null,"Designation":null,"Team":null,"AssociateId":"bbe9d74e-00b0-4230-adf3-2a3bff2c1bc5","DesignationId":null,"FNZUserName":null,"FNZStaffId":"snagaraj","FNZRoleId":null,"FNZEmail":null,"AssetNo":null,"VirtualMachineNo":null,"Portfolio":null,"FNZDateofJoining":null,"FNZDateofLeaving":null,"FNZExperience":null,"Billable":null,"Location":null,"ContactNo":null,"TeamId":"2e323bde-0712-4b60-a4a3-79023e8560d3","EmailId":"saranya-9.n-9@cognizant.com","City":null,"SkillSet":null,"ExperienceOfAssociate":null,"Fse":null},{"Associate":null,"Designation":null,"Team":null,"AssociateId":"02b9cfde-52be-475f-b7ac-33149b47b8c8","DesignationId":null,"FNZUserName":null,"FNZStaffId":"vnagarja","FNZRoleId":null,"FNZEmail":null,"AssetNo":null,"VirtualMachineNo":null,"Portfolio":null,"FNZDateofJoining":null,"FNZDateofLeaving":null,"FNZExperience":null,"Billable":null,"Location":null,"ContactNo":null,"TeamId":"d6710c78-325c-476e-a17e-e76726a395b2","EmailId":"vetri.nagarajan@cognizant.com","City":null,"SkillSet":null,"ExperienceOfAssociate":null,"Fse":null},{"Associate":null,"Designation":null,"Team":null,"AssociateId":"eab01d11-6f79-49d4-b75f-33862320b15c","DesignationId":null,"FNZUserName":null,"FNZStaffId":"nulaganathan","FNZRoleId":null,"FNZEmail":null,"AssetNo":null,"VirtualMachineNo":null,"Portfolio":null,"FNZDateofJoining":null,"FNZDateofLeaving":null,"FNZExperience":null,"Billable":null,"Location":null,"ContactNo":null,"TeamId":"d6710c78-325c-476e-a17e-e76726a395b2","EmailId":"Nandhini.U@cognizant.com","City":null,"SkillSet":null,"ExperienceOfAssociate":null,"Fse":null},{"Associate":null,"Designation":null,"Team":null,"AssociateId":"126e6981-394a-47ac-a1d8-349786428090","DesignationId":null,"FNZUserName":null,"FNZStaffId":"gbalu","FNZRoleId":null,"FNZEmail":null,"AssetNo":null,"VirtualMachineNo":null,"Portfolio":null,"FNZDateofJoining":null,"FNZDateofLeaving":null,"FNZExperience":null,"Billable":null,"Location":null,"ContactNo":null,"TeamId":"2e323bde-0712-4b60-a4a3-79023e8560d3","EmailId":"gowthami.b2@cognizant.com","City":null,"SkillSet":null,"ExperienceOfAssociate":null,"Fse":null},{"Associate":null,"Designation":null,"Team":null,"AssociateId":"39ee5b87-837c-4f70-9f59-359afe3490a2","DesignationId":null,"FNZUserName":null,"FNZStaffId":"kravich","FNZRoleId":null,"FNZEmail":null,"AssetNo":null,"VirtualMachineNo":null,"Portfolio":null,"FNZDateofJoining":null,"FNZDateofLeaving":null,"FNZExperience":null,"Billable":null,"Location":null,"ContactNo":null,"TeamId":"d6710c78-325c-476e-a17e-e76726a395b2","EmailId":"krithika.r2@cognizant.com","City":null,"SkillSet":null,"ExperienceOfAssociate":null,"Fse":null},{"Associate":null,"Designation":null,"Team":null,"AssociateId":"d98af6a3-eb0e-4027-a411-3a7c27f096c7","DesignationId":null,"FNZUserName":null,"FNZStaffId":"kkakarla","FNZRoleId":null,"FNZEmail":null,"AssetNo":null,"VirtualMachineNo":null,"Portfolio":null,"FNZDateofJoining":null,"FNZDateofLeaving":null,"FNZExperience":null,"Billable":null,"Location":null,"ContactNo":null,"TeamId":"d6710c78-325c-476e-a17e-e76726a395b2","EmailId":"karthikvarma.kakarlapudi@cognizant.com","City":null,"SkillSet":null,"ExperienceOfAssociate":null,"Fse":null},{"Associate":null,"Designation":null,"Team":null,"AssociateId":"d7f7fac9-37d6-4055-b01c-3b2703fcc51c","DesignationId":null,"FNZUserName":null,"FNZStaffId":"kbalasub","FNZRoleId":null,"FNZEmail":null,"AssetNo":null,"VirtualMachineNo":null,"Portfolio":null,"FNZDateofJoining":null,"FNZDateofLeaving":null,"FNZExperience":null,"Billable":null,"Location":null,"ContactNo":null,"TeamId":"2e323bde-0712-4b60-a4a3-79023e8560d3","EmailId":"karthik.b7@cognizant.com","City":null,"SkillSet":null,"ExperienceOfAssociate":null,"Fse":null},{"Associate":null,"Designation":null,"Team":null,"AssociateId":"5a59e37f-d8d2-4c09-8398-3e34c3f6ca1d","DesignationId":null,"FNZUserName":null,"FNZStaffId":"vgeroge","FNZRoleId":null,"FNZEmail":null,"AssetNo":null,"VirtualMachineNo":null,"Portfolio":null,"FNZDateofJoining":null,"FNZDateofLeaving":null,"FNZExperience":null,"Billable":null,"Location":null,"ContactNo":null,"TeamId":"2e323bde-0712-4b60-a4a3-79023e8560d3","EmailId":"george.v@cognizant.com","City":null,"SkillSet":null,"ExperienceOfAssociate":null,"Fse":null},{"Associate":null,"Designation":null,"Team":null,"AssociateId":"92c199c2-6a19-4a49-809a-41d399b9759e","DesignationId":null,"FNZUserName":null,"FNZStaffId":"skalahas","FNZRoleId":null,"FNZEmail":null,"AssetNo":null,"VirtualMachineNo":null,"Portfolio":null,"FNZDateofJoining":null,"FNZDateofLeaving":null,"FNZExperience":null,"Billable":null,"Location":null,"ContactNo":null,"TeamId":"2e323bde-0712-4b60-a4a3-79023e8560d3","EmailId":"sarvani.kalahasti@cognizant.com","City":null,"SkillSet":null,"ExperienceOfAssociate":null,"Fse":null},{"Associate":null,"Designation":null,"Team":null,"AssociateId":"8f51914e-2428-4093-9ece-44b0983c4164","DesignationId":null,"FNZUserName":null,"FNZStaffId":"gpandi","FNZRoleId":null,"FNZEmail":null,"AssetNo":null,"VirtualMachineNo":null,"Portfolio":null,"FNZDateofJoining":null,"FNZDateofLeaving":null,"FNZExperience":null,"Billable":null,"Location":null,"ContactNo":null,"TeamId":"d6710c78-325c-476e-a17e-e76726a395b2","EmailId":"gobinath.p@cognizant.com","City":null,"SkillSet":null,"ExperienceOfAssociate":null,"Fse":null},{"Associate":null,"Designation":null,"Team":null,"AssociateId":"9db7b3db-b3c8-4402-a9d4-4630980c811e","DesignationId":null,"FNZUserName":null,"FNZStaffId":"ssurendr","FNZRoleId":null,"FNZEmail":null,"AssetNo":null,"VirtualMachineNo":null,"Portfolio":null,"FNZDateofJoining":null,"FNZDateofLeaving":null,"FNZExperience":null,"Billable":null,"Location":null,"ContactNo":null,"TeamId":"d6710c78-325c-476e-a17e-e76726a395b2","EmailId":"sandeep.surendran@cognizant.com","City":null,"SkillSet":null,"ExperienceOfAssociate":null,"Fse":null},{"Associate":null,"Designation":null,"Team":null,"AssociateId":"89819110-e74f-4e9a-b8b2-4a03a8712408","DesignationId":null,"FNZUserName":null,"FNZStaffId":"gramanat","FNZRoleId":null,"FNZEmail":null,"AssetNo":null,"VirtualMachineNo":null,"Portfolio":null,"FNZDateofJoining":null,"FNZDateofLeaving":null,"FNZExperience":null,"Billable":null,"Location":null,"ContactNo":null,"TeamId":"d6710c78-325c-476e-a17e-e76726a395b2","EmailId":"gopinath.ramanathan@cognizant.com","City":null,"SkillSet":null,"ExperienceOfAssociate":null,"Fse":null},{"Associate":null,"Designation":null,"Team":null,"AssociateId":"081f7b53-2a3b-4b2f-b562-4e3db22fb357","DesignationId":null,"FNZUserName":null,"FNZStaffId":"ssubhani","FNZRoleId":null,"FNZEmail":null,"AssetNo":null,"VirtualMachineNo":null,"Portfolio":null,"FNZDateofJoining":null,"FNZDateofLeaving":null,"FNZExperience":null,"Billable":null,"Location":null,"ContactNo":null,"TeamId":"2e323bde-0712-4b60-a4a3-79023e8560d3","EmailId":"syedamarifazahan.subhani@cognizant.com","City":null,"SkillSet":null,"ExperienceOfAssociate":null,"Fse":null},{"Associate":null,"Designation":null,"Team":null,"AssociateId":"a21e4e09-2bb4-4724-b0f2-543ea9b28ee4","DesignationId":null,"FNZUserName":null,"FNZStaffId":"sabdulkha","FNZRoleId":null,"FNZEmail":null,"AssetNo":null,"VirtualMachineNo":null,"Portfolio":null,"FNZDateofJoining":null,"FNZDateofLeaving":null,"FNZExperience":null,"Billable":null,"Location":null,"ContactNo":null,"TeamId":"d6710c78-325c-476e-a17e-e76726a395b2","EmailId":"sanitha.ma@cognizant.com","City":null,"SkillSet":null,"ExperienceOfAssociate":null,"Fse":null},{"Associate":null,"Designation":null,"Team":null,"AssociateId":"c8f1d47a-17c2-4bdd-8820-59e29ab9b267","DesignationId":null,"FNZUserName":null,"FNZStaffId":"mraja","FNZRoleId":null,"FNZEmail":null,"AssetNo":null,"VirtualMachineNo":null,"Portfolio":null,"FNZDateofJoining":null,"FNZDateofLeaving":null,"FNZExperience":null,"Billable":null,"Location":null,"ContactNo":null,"TeamId":"2e323bde-0712-4b60-a4a3-79023e8560d3","EmailId":"manoharan.raja@cognizant.com","City":null,"SkillSet":null,"ExperienceOfAssociate":null,"Fse":null},{"Associate":null,"Designation":null,"Team":null,"AssociateId":"8a4edee4-9b82-4fe0-adb0-5a3a229b5191","DesignationId":null,"FNZUserName":null,"FNZStaffId":"vvijayara","FNZRoleId":null,"FNZEmail":null,"AssetNo":null,"VirtualMachineNo":null,"Portfolio":null,"FNZDateofJoining":null,"FNZDateofLeaving":null,"FNZExperience":null,"Billable":null,"Location":null,"ContactNo":null,"TeamId":"2e323bde-0712-4b60-a4a3-79023e8560d3","EmailId":"vishalini.vijayarahavan@cognizant.com","City":null,"SkillSet":null,"ExperienceOfAssociate":null,"Fse":null},{"Associate":null,"Designation":null,"Team":null,"AssociateId":"a9a88a32-f491-417d-a54e-5c355a45207f","DesignationId":null,"FNZUserName":null,"FNZStaffId":"amuthiri","FNZRoleId":null,"FNZEmail":null,"AssetNo":null,"VirtualMachineNo":null,"Portfolio":null,"FNZDateofJoining":null,"FNZDateofLeaving":null,"FNZExperience":null,"Billable":null,"Location":null,"ContactNo":null,"TeamId":"d6710c78-325c-476e-a17e-e76726a395b2","EmailId":"anuragapriya.m@cognizant.com","City":null,"SkillSet":null,"ExperienceOfAssociate":null,"Fse":null},{"Associate":null,"Designation":null,"Team":null,"AssociateId":"23fa02d2-1960-4615-99e0-5d2930295602","DesignationId":null,"FNZUserName":null,"FNZStaffId":"kanbazha","FNZRoleId":null,"FNZEmail":null,"AssetNo":null,"VirtualMachineNo":null,"Portfolio":null,"FNZDateofJoining":null,"FNZDateofLeaving":null,"FNZExperience":null,"Billable":null,"Location":null,"ContactNo":null,"TeamId":"2e323bde-0712-4b60-a4a3-79023e8560d3","EmailId":"karthik.a3@cognizant.com","City":null,"SkillSet":null,"ExperienceOfAssociate":null,"Fse":null},{"Associate":null,"Designation":null,"Team":null,"AssociateId":"07cf0b31-d071-4b5c-94b6-6306b162c84b","DesignationId":null,"FNZUserName":null,"FNZStaffId":"varumugam","FNZRoleId":null,"FNZEmail":null,"AssetNo":null,"VirtualMachineNo":null,"Portfolio":null,"FNZDateofJoining":null,"FNZDateofLeaving":null,"FNZExperience":null,"Billable":null,"Location":null,"ContactNo":null,"TeamId":"d6710c78-325c-476e-a17e-e76726a395b2","EmailId":"vijayaraman.arumugam@cognizant.com","City":null,"SkillSet":null,"ExperienceOfAssociate":null,"Fse":null},{"Associate":null,"Designation":null,"Team":null,"AssociateId":"eee2c044-6daa-41c0-9eec-651f7dba0b3f","DesignationId":null,"FNZUserName":null,"FNZStaffId":"asamiyap","FNZRoleId":null,"FNZEmail":null,"AssetNo":null,"VirtualMachineNo":null,"Portfolio":null,"FNZDateofJoining":null,"FNZDateofLeaving":null,"FNZExperience":null,"Billable":null,"Location":null,"ContactNo":null,"TeamId":"d6710c78-325c-476e-a17e-e76726a395b2","EmailId":"Anbuselvan.Samiyappan@cognizant.com","City":null,"SkillSet":null,"ExperienceOfAssociate":null,"Fse":null},{"Associate":null,"Designation":null,"Team":null,"AssociateId":"cefd981d-9203-4c07-9dec-788e05e51875","DesignationId":null,"FNZUserName":null,"FNZStaffId":"tramesh ","FNZRoleId":null,"FNZEmail":null,"AssetNo":null,"VirtualMachineNo":null,"Portfolio":null,"FNZDateofJoining":null,"FNZDateofLeaving":null,"FNZExperience":null,"Billable":null,"Location":null,"ContactNo":null,"TeamId":"d6710c78-325c-476e-a17e-e76726a395b2","EmailId":"Theynisha.Ramesh@cognizant.com","City":null,"SkillSet":null,"ExperienceOfAssociate":null,"Fse":null},{"Associate":null,"Designation":null,"Team":null,"AssociateId":"46280bd7-61c9-44ab-a6f2-78b21d6397ea","DesignationId":null,"FNZUserName":null,"FNZStaffId":"adeva","FNZRoleId":null,"FNZEmail":null,"AssetNo":null,"VirtualMachineNo":null,"Portfolio":null,"FNZDateofJoining":null,"FNZDateofLeaving":null,"FNZExperience":null,"Billable":null,"Location":null,"ContactNo":null,"TeamId":"d6710c78-325c-476e-a17e-e76726a395b2","EmailId":"arunraj.deva@cognizant.com","City":null,"SkillSet":null,"ExperienceOfAssociate":null,"Fse":null},{"Associate":null,"Designation":null,"Team":null,"AssociateId":"3cf03124-e2d0-4a18-b048-78bbb69bc7a0","DesignationId":null,"FNZUserName":null,"FNZStaffId":"psadhasi","FNZRoleId":null,"FNZEmail":null,"AssetNo":null,"VirtualMachineNo":null,"Portfolio":null,"FNZDateofJoining":null,"FNZDateofLeaving":null,"FNZExperience":null,"Billable":null,"Location":null,"ContactNo":null,"TeamId":"d6710c78-325c-476e-a17e-e76726a395b2","EmailId":"priyadharsini.sadhasivam@cognizant.com","City":null,"SkillSet":null,"ExperienceOfAssociate":null,"Fse":null},{"Associate":null,"Designation":null,"Team":null,"AssociateId":"e9137b95-8464-4c96-9f1c-854350952681","DesignationId":null,"FNZUserName":null,"FNZStaffId":"svellala","FNZRoleId":null,"FNZEmail":null,"AssetNo":null,"VirtualMachineNo":null,"Portfolio":null,"FNZDateofJoining":null,"FNZDateofLeaving":null,"FNZExperience":null,"Billable":null,"Location":null,"ContactNo":null,"TeamId":"d6710c78-325c-476e-a17e-e76726a395b2","EmailId":"sravanthi.vellala@cognizant.com","City":null,"SkillSet":null,"ExperienceOfAssociate":null,"Fse":null},{"Associate":null,"Designation":null,"Team":null,"AssociateId":"0327f343-01a1-429e-80b6-900f533c1f07","DesignationId":null,"FNZUserName":null,"FNZStaffId":"Rbabu","FNZRoleId":null,"FNZEmail":null,"AssetNo":null,"VirtualMachineNo":null,"Portfolio":null,"FNZDateofJoining":null,"FNZDateofLeaving":null,"FNZExperience":null,"Billable":null,"Location":null,"ContactNo":null,"TeamId":"d6710c78-325c-476e-a17e-e76726a395b2","EmailId":"roopan.bhuvanendrababu@cognizant.com","City":null,"SkillSet":null,"ExperienceOfAssociate":null,"Fse":null},{"Associate":null,"Designation":null,"Team":null,"AssociateId":"fe45d577-1e09-4c49-ac8b-91c40d3604b1","DesignationId":null,"FNZUserName":null,"FNZStaffId":"mkumar1","FNZRoleId":null,"FNZEmail":null,"AssetNo":null,"VirtualMachineNo":null,"Portfolio":null,"FNZDateofJoining":null,"FNZDateofLeaving":null,"FNZExperience":null,"Billable":null,"Location":null,"ContactNo":null,"TeamId":"2e323bde-0712-4b60-a4a3-79023e8560d3","EmailId":"mukesh.kumar2ada2@cognizant.com","City":null,"SkillSet":null,"ExperienceOfAssociate":null,"Fse":null},{"Associate":null,"Designation":null,"Team":null,"AssociateId":"63ba0355-5e84-4346-89fe-96372ece4163","DesignationId":null,"FNZUserName":null,"FNZStaffId":"aviveka","FNZRoleId":null,"FNZEmail":null,"AssetNo":null,"VirtualMachineNo":null,"Portfolio":null,"FNZDateofJoining":null,"FNZDateofLeaving":null,"FNZExperience":null,"Billable":null,"Location":null,"ContactNo":null,"TeamId":"2e323bde-0712-4b60-a4a3-79023e8560d3","EmailId":"akshayasv.vivekanandan@cognizant.com","City":null,"SkillSet":null,"ExperienceOfAssociate":null,"Fse":null},{"Associate":null,"Designation":null,"Team":null,"AssociateId":"eea13711-9636-4f4c-a911-97ac86248f62","DesignationId":null,"FNZUserName":null,"FNZStaffId":"ssundhar","FNZRoleId":null,"FNZEmail":null,"AssetNo":null,"VirtualMachineNo":null,"Portfolio":null,"FNZDateofJoining":null,"FNZDateofLeaving":null,"FNZExperience":null,"Billable":null,"Location":null,"ContactNo":null,"TeamId":"2e323bde-0712-4b60-a4a3-79023e8560d3","EmailId":"sudharsan.sundharrajan@cognizant.com","City":null,"SkillSet":null,"ExperienceOfAssociate":null,"Fse":null},{"Associate":null,"Designation":null,"Team":null,"AssociateId":"447427c8-c18c-4cb1-a76e-9807e9e02237","DesignationId":null,"FNZUserName":null,"FNZStaffId":"pjoshi","FNZRoleId":null,"FNZEmail":null,"AssetNo":null,"VirtualMachineNo":null,"Portfolio":null,"FNZDateofJoining":null,"FNZDateofLeaving":null,"FNZExperience":null,"Billable":null,"Location":null,"ContactNo":null,"TeamId":"d6710c78-325c-476e-a17e-e76726a395b2","EmailId":"pooja.joshi3@cognizant.com","City":null,"SkillSet":null,"ExperienceOfAssociate":null,"Fse":null},{"Associate":null,"Designation":null,"Team":null,"AssociateId":"1f157eee-c029-446e-b70c-990a3504e59b","DesignationId":null,"FNZUserName":null,"FNZStaffId":"schancha","FNZRoleId":null,"FNZEmail":null,"AssetNo":null,"VirtualMachineNo":null,"Portfolio":null,"FNZDateofJoining":null,"FNZDateofLeaving":null,"FNZExperience":null,"Billable":null,"Location":null,"ContactNo":null,"TeamId":"2e323bde-0712-4b60-a4a3-79023e8560d3","EmailId":"surabhi.chanchal@cognizant.com","City":null,"SkillSet":null,"ExperienceOfAssociate":null,"Fse":null},{"Associate":null,"Designation":null,"Team":null,"AssociateId":"14c62698-5373-4ecb-8d23-995e4b98874b","DesignationId":null,"FNZUserName":null,"FNZStaffId":"dmani","FNZRoleId":null,"FNZEmail":null,"AssetNo":null,"VirtualMachineNo":null,"Portfolio":null,"FNZDateofJoining":null,"FNZDateofLeaving":null,"FNZExperience":null,"Billable":"Non-Billable","Location":null,"ContactNo":null,"TeamId":"2e323bde-0712-4b60-a4a3-79023e8560d3","EmailId":"dineshkumar.m3@cognizant.com","City":null,"SkillSet":null,"ExperienceOfAssociate":null,"Fse":false},{"Associate":null,"Designation":null,"Team":null,"AssociateId":"b8cd6830-d4cf-409a-9dde-a95c5371ae8d","DesignationId":null,"FNZUserName":null,"FNZStaffId":"ssundara","FNZRoleId":null,"FNZEmail":null,"AssetNo":null,"VirtualMachineNo":null,"Portfolio":null,"FNZDateofJoining":null,"FNZDateofLeaving":null,"FNZExperience":null,"Billable":null,"Location":null,"ContactNo":null,"TeamId":"2e323bde-0712-4b60-a4a3-79023e8560d3","EmailId":"sathishkumar.sundararajan3@cognizant.com","City":null,"SkillSet":null,"ExperienceOfAssociate":null,"Fse":null},{"Associate":null,"Designation":null,"Team":null,"AssociateId":"e4878ba7-b61b-4f9c-ab09-ac8ec9b99ee9","DesignationId":null,"FNZUserName":null,"FNZStaffId":"vsubrama","FNZRoleId":null,"FNZEmail":null,"AssetNo":null,"VirtualMachineNo":null,"Portfolio":null,"FNZDateofJoining":null,"FNZDateofLeaving":null,"FNZExperience":null,"Billable":null,"Location":null,"ContactNo":null,"TeamId":"2e323bde-0712-4b60-a4a3-79023e8560d3","EmailId":"vijayakumar.s@cognizant.com","City":null,"SkillSet":null,"ExperienceOfAssociate":null,"Fse":null},{"Associate":null,"Designation":null,"Team":null,"AssociateId":"5c0b21be-30d7-4beb-8d55-ad9cd771ebd2","DesignationId":null,"FNZUserName":null,"FNZStaffId":"mjagan","FNZRoleId":null,"FNZEmail":null,"AssetNo":null,"VirtualMachineNo":null,"Portfolio":null,"FNZDateofJoining":null,"FNZDateofLeaving":null,"FNZExperience":null,"Billable":null,"Location":null,"ContactNo":null,"TeamId":"d6710c78-325c-476e-a17e-e76726a395b2","EmailId":"jagan.m4@cognizant.com","City":null,"SkillSet":null,"ExperienceOfAssociate":null,"Fse":null},{"Associate":null,"Designation":null,"Team":null,"AssociateId":"46f96919-4b97-477c-b482-adb5f2a848e9","DesignationId":null,"FNZUserName":null,"FNZStaffId":"spoobath","FNZRoleId":null,"FNZEmail":null,"AssetNo":null,"VirtualMachineNo":null,"Portfolio":null,"FNZDateofJoining":null,"FNZDateofLeaving":null,"FNZExperience":null,"Billable":null,"Location":null,"ContactNo":null,"TeamId":"d6710c78-325c-476e-a17e-e76726a395b2","EmailId":"saranya.poobathi@cognizant.com","City":null,"SkillSet":null,"ExperienceOfAssociate":null,"Fse":null},{"Associate":null,"Designation":null,"Team":null,"AssociateId":"05d12168-65fe-4f04-8ae6-af7a8a1979b8","DesignationId":null,"FNZUserName":null,"FNZStaffId":"jgupta","FNZRoleId":null,"FNZEmail":null,"AssetNo":null,"VirtualMachineNo":null,"Portfolio":null,"FNZDateofJoining":null,"FNZDateofLeaving":null,"FNZExperience":null,"Billable":null,"Location":null,"ContactNo":null,"TeamId":"d6710c78-325c-476e-a17e-e76726a395b2","EmailId":"jyoti.gupta6@cognizant.com","City":null,"SkillSet":null,"ExperienceOfAssociate":null,"Fse":null},{"Associate":null,"Designation":null,"Team":null,"AssociateId":"5bfd6bcc-18a4-4abb-9375-b495354e1fdc","DesignationId":null,"FNZUserName":null,"FNZStaffId":"srajendr","FNZRoleId":null,"FNZEmail":null,"AssetNo":null,"VirtualMachineNo":null,"Portfolio":null,"FNZDateofJoining":null,"FNZDateofLeaving":null,"FNZExperience":null,"Billable":null,"Location":null,"ContactNo":null,"TeamId":"d6710c78-325c-476e-a17e-e76726a395b2","EmailId":"swathikraj.r@cognizant.com","City":null,"SkillSet":null,"ExperienceOfAssociate":null,"Fse":null},{"Associate":null,"Designation":null,"Team":null,"AssociateId":"ca52706b-5e4d-47b6-bcb7-b6431e99b217","DesignationId":null,"FNZUserName":null,"FNZStaffId":"aperiyas","FNZRoleId":null,"FNZEmail":null,"AssetNo":null,"VirtualMachineNo":null,"Portfolio":null,"FNZDateofJoining":null,"FNZDateofLeaving":null,"FNZExperience":null,"Billable":null,"Location":null,"ContactNo":null,"TeamId":"d6710c78-325c-476e-a17e-e76726a395b2","EmailId":"anand.p3@cognizant.com","City":null,"SkillSet":null,"ExperienceOfAssociate":null,"Fse":null},{"Associate":null,"Designation":null,"Team":null,"AssociateId":"9b207652-a0b2-42e2-b511-b87f98456ccc","DesignationId":null,"FNZUserName":null,"FNZStaffId":"danthony","FNZRoleId":null,"FNZEmail":null,"AssetNo":null,"VirtualMachineNo":null,"Portfolio":null,"FNZDateofJoining":null,"FNZDateofLeaving":null,"FNZExperience":null,"Billable":null,"Location":null,"ContactNo":null,"TeamId":"2e323bde-0712-4b60-a4a3-79023e8560d3","EmailId":"dhivakar.a2@cognizant.com","City":null,"SkillSet":null,"ExperienceOfAssociate":null,"Fse":null},{"Associate":null,"Designation":null,"Team":null,"AssociateId":"defc89c1-a1b8-4dcb-b55d-bd5613987bd1","DesignationId":null,"FNZUserName":null,"FNZStaffId":"bkrishna","FNZRoleId":null,"FNZEmail":null,"AssetNo":null,"VirtualMachineNo":null,"Portfolio":null,"FNZDateofJoining":null,"FNZDateofLeaving":null,"FNZExperience":null,"Billable":null,"Location":null,"ContactNo":null,"TeamId":"2e323bde-0712-4b60-a4a3-79023e8560d3","EmailId":"balaji.krishnan3@cognizant.com","City":null,"SkillSet":null,"ExperienceOfAssociate":null,"Fse":null},{"Associate":null,"Designation":null,"Team":null,"AssociateId":"72dcb037-277c-49d1-85e6-bdf1e5241de4","DesignationId":null,"FNZUserName":null,"FNZStaffId":"schellap","FNZRoleId":null,"FNZEmail":null,"AssetNo":null,"VirtualMachineNo":null,"Portfolio":null,"FNZDateofJoining":null,"FNZDateofLeaving":null,"FNZExperience":null,"Billable":null,"Location":null,"ContactNo":null,"TeamId":"2e323bde-0712-4b60-a4a3-79023e8560d3","EmailId":"subhasree.chellapandiyan@cognizant.com","City":null,"SkillSet":null,"ExperienceOfAssociate":null,"Fse":null},{"Associate":null,"Designation":null,"Team":null,"AssociateId":"7e655cda-44b4-4f4f-8417-c0d1eb95e29f","DesignationId":null,"FNZUserName":null,"FNZStaffId":"nakkrara","FNZRoleId":null,"FNZEmail":null,"AssetNo":null,"VirtualMachineNo":null,"Portfolio":null,"FNZDateofJoining":null,"FNZDateofLeaving":null,"FNZExperience":null,"Billable":null,"Location":null,"ContactNo":null,"TeamId":"d6710c78-325c-476e-a17e-e76726a395b2","EmailId":"naveenkumar.akkarakattil@cognizant.com","City":null,"SkillSet":null,"ExperienceOfAssociate":null,"Fse":null},{"Associate":null,"Designation":null,"Team":null,"AssociateId":"63b01b56-d614-44c6-9467-c7ad3d162925","DesignationId":null,"FNZUserName":null,"FNZStaffId":"bravicha","FNZRoleId":null,"FNZEmail":null,"AssetNo":null,"VirtualMachineNo":null,"Portfolio":null,"FNZDateofJoining":null,"FNZDateofLeaving":null,"FNZExperience":null,"Billable":null,"Location":null,"ContactNo":null,"TeamId":"2e323bde-0712-4b60-a4a3-79023e8560d3","EmailId":"buvani.r@cognizant.com","City":null,"SkillSet":null,"ExperienceOfAssociate":null,"Fse":null},{"Associate":null,"Designation":null,"Team":null,"AssociateId":"041efbd5-487d-4877-8de7-cf2e63b0cc05","DesignationId":null,"FNZUserName":null,"FNZStaffId":"psubrama","FNZRoleId":null,"FNZEmail":null,"AssetNo":null,"VirtualMachineNo":null,"Portfolio":null,"FNZDateofJoining":null,"FNZDateofLeaving":null,"FNZExperience":null,"Billable":null,"Location":null,"ContactNo":null,"TeamId":"2e323bde-0712-4b60-a4a3-79023e8560d3","EmailId":"pradeepkumar.s@cognizant.com","City":null,"SkillSet":null,"ExperienceOfAssociate":null,"Fse":null},{"Associate":null,"Designation":null,"Team":null,"AssociateId":"8f1f846c-aa6c-4d23-94b4-dc6f53b91738","DesignationId":null,"FNZUserName":null,"FNZStaffId":"rravindr","FNZRoleId":null,"FNZEmail":null,"AssetNo":null,"VirtualMachineNo":null,"Portfolio":null,"FNZDateofJoining":null,"FNZDateofLeaving":null,"FNZExperience":null,"Billable":null,"Location":null,"ContactNo":null,"TeamId":"d6710c78-325c-476e-a17e-e76726a395b2","EmailId":"rajaganapathy.somasundaramravindran@cognizant.com","City":null,"SkillSet":null,"ExperienceOfAssociate":null,"Fse":null},{"Associate":null,"Designation":null,"Team":null,"AssociateId":"b4344387-c808-4a5d-b55d-e11b38ce4aab","DesignationId":null,"FNZUserName":null,"FNZStaffId":"mrethina","FNZRoleId":null,"FNZEmail":null,"AssetNo":null,"VirtualMachineNo":null,"Portfolio":null,"FNZDateofJoining":null,"FNZDateofLeaving":null,"FNZExperience":null,"Billable":null,"Location":null,"ContactNo":null,"TeamId":"2e323bde-0712-4b60-a4a3-79023e8560d3","EmailId":"muthukumaran.r@cognizant.com","City":null,"SkillSet":null,"ExperienceOfAssociate":null,"Fse":null},{"Associate":null,"Designation":null,"Team":null,"AssociateId":"5c7f1565-9eb1-41f8-8680-e1be6e78da5b","DesignationId":null,"FNZUserName":null,"FNZStaffId":"dghosh","FNZRoleId":null,"FNZEmail":null,"AssetNo":null,"VirtualMachineNo":null,"Portfolio":null,"FNZDateofJoining":null,"FNZDateofLeaving":null,"FNZExperience":null,"Billable":null,"Location":null,"ContactNo":null,"TeamId":"d6710c78-325c-476e-a17e-e76726a395b2","EmailId":"deep.ghosh2@cognizant.com","City":null,"SkillSet":null,"ExperienceOfAssociate":null,"Fse":null},{"Associate":null,"Designation":null,"Team":null,"AssociateId":"c9548c24-cee3-4db6-acbc-e581a441d45a","DesignationId":null,"FNZUserName":null,"FNZStaffId":"srahemat","FNZRoleId":null,"FNZEmail":null,"AssetNo":null,"VirtualMachineNo":null,"Portfolio":null,"FNZDateofJoining":null,"FNZDateofLeaving":null,"FNZExperience":null,"Billable":null,"Location":null,"ContactNo":null,"TeamId":"2e323bde-0712-4b60-a4a3-79023e8560d3","EmailId":"shaik.rahemathbasha@cognizant.com","City":null,"SkillSet":null,"ExperienceOfAssociate":null,"Fse":null},{"Associate":null,"Designation":null,"Team":null,"AssociateId":"10a3e594-9d7a-4ec8-adb9-e5ab3c964432","DesignationId":null,"FNZUserName":null,"FNZStaffId":"rjayaram","FNZRoleId":null,"FNZEmail":null,"AssetNo":null,"VirtualMachineNo":null,"Portfolio":null,"FNZDateofJoining":null,"FNZDateofLeaving":null,"FNZExperience":null,"Billable":null,"Location":null,"ContactNo":null,"TeamId":"d6710c78-325c-476e-a17e-e76726a395b2","EmailId":"raguraman.jayaraman@cognizant.com","City":null,"SkillSet":null,"ExperienceOfAssociate":null,"Fse":null},{"Associate":null,"Designation":null,"Team":null,"AssociateId":"9e666d0c-a9b1-481f-8d41-edc1f4e63fcd","DesignationId":null,"FNZUserName":null,"FNZStaffId":"sshanmug","FNZRoleId":null,"FNZEmail":null,"AssetNo":null,"VirtualMachineNo":null,"Portfolio":null,"FNZDateofJoining":null,"FNZDateofLeaving":null,"FNZExperience":null,"Billable":null,"Location":null,"ContactNo":null,"TeamId":"d6710c78-325c-476e-a17e-e76726a395b2","EmailId":"suriya.s3@cognizant.com","City":null,"SkillSet":null,"ExperienceOfAssociate":null,"Fse":null},{"Associate":null,"Designation":null,"Team":null,"AssociateId":"e2d2bee3-29df-4e8d-bbc4-f40f44ae5b22","DesignationId":null,"FNZUserName":null,"FNZStaffId":"jsayedha","FNZRoleId":null,"FNZEmail":null,"AssetNo":null,"VirtualMachineNo":null,"Portfolio":null,"FNZDateofJoining":null,"FNZDateofLeaving":null,"FNZExperience":null,"Billable":null,"Location":null,"ContactNo":null,"TeamId":"2e323bde-0712-4b60-a4a3-79023e8560d3","EmailId":"jasmine.sayedhameed@cognizant.com","City":null,"SkillSet":null,"ExperienceOfAssociate":null,"Fse":null},{"Associate":null,"Designation":null,"Team":null,"AssociateId":"3e53416c-a74b-4e07-b68a-f6702eba100b","DesignationId":null,"FNZUserName":null,"FNZStaffId":"sarumuga","FNZRoleId":null,"FNZEmail":null,"AssetNo":null,"VirtualMachineNo":null,"Portfolio":null,"FNZDateofJoining":null,"FNZDateofLeaving":null,"FNZExperience":null,"Billable":null,"Location":null,"ContactNo":null,"TeamId":"d6710c78-325c-476e-a17e-e76726a395b2","EmailId":"sivaganesh.a@cognizant.com","City":null,"SkillSet":null,"ExperienceOfAssociate":null,"Fse":null},{"Associate":null,"Designation":null,"Team":null,"AssociateId":"f31f24a9-7581-4524-b1b3-fb4189cea9e6","DesignationId":null,"FNZUserName":null,"FNZStaffId":"grohith","FNZRoleId":null,"FNZEmail":null,"AssetNo":null,"VirtualMachineNo":null,"Portfolio":null,"FNZDateofJoining":null,"FNZDateofLeaving":null,"FNZExperience":null,"Billable":null,"Location":null,"ContactNo":null,"TeamId":"d6710c78-325c-476e-a17e-e76726a395b2","EmailId":"gande.rohith@cognizant.com","City":null,"SkillSet":null,"ExperienceOfAssociate":null,"Fse":null},{"Associate":null,"Designation":null,"Team":null,"AssociateId":"4c32a4ec-c5c7-449a-82c5-fb548a6ba338","DesignationId":null,"FNZUserName":null,"FNZStaffId":"vpalanis","FNZRoleId":null,"FNZEmail":null,"AssetNo":null,"VirtualMachineNo":null,"Portfolio":null,"FNZDateofJoining":null,"FNZDateofLeaving":null,"FNZExperience":null,"Billable":null,"Location":null,"ContactNo":null,"TeamId":"d6710c78-325c-476e-a17e-e76726a395b2","EmailId":"Vinodiny.P@cognizant.com","City":null,"SkillSet":null,"ExperienceOfAssociate":null,"Fse":null}]