[
  {
    "AssociateDetails": null,
    "Project": null,
    "Role": null,
    "Id": "8a56e534-7ec6-4950-9ebb-0391692bd95b",
    "Name": "Arulraj Dhinakararajan",
    "Code": "164389",
    "ProjectId": "7adab4a1-fc38-4cd3-a2f1-9a169313f6e3",
    "RoleId": "1bb59057-482d-4a6c-9a1a-a86bbe67cbea",
    "Active": true
  },
  {
    "AssociateDetails": null,
    "Project": null,
    "Role": null,
    "Id": "7c7e6301-f707-4084-b206-0842e735c4ea",
    "Name": "Venkata Ganjikunta",
    "Code": "657134",
    "ProjectId": "02dbaf79-edf5-4f55-91d4-950eda4e6c12",
    "RoleId": "8fffc7c1-52c0-48a3-a88b-e4248241c3c5",
    "Active": true
  },
  {
    "AssociateDetails": null,
    "Project": null,
    "Role": null,
    "Id": "60831a73-2935-4343-a81f-08d618170c59",
    "Name": "Mobina Syed",
    "Code": "668160",
    "ProjectId": "7adab4a1-fc38-4cd3-a2f1-9a169313f6e3",
    "RoleId": "45380aaf-d6ed-4ae9-9789-90f0d21dd761",
    "Active": true
  },
  {
    "AssociateDetails": null,
    "Project": null,
    "Role": null,
    "Id": "d858cf61-756b-431e-8c83-0dd8334735c2",
    "Name": "Santhosh Subramaniam",
    "Code": "535796",
    "ProjectId": "2a124364-69df-4518-8ff7-fc63ef906aa3",
    "RoleId": "3db1090a-687c-45d0-9ec2-2c1346457572",
    "Active": true
  },
  {
    "AssociateDetails": null,
    "Project": null,
    "Role": null,
    "Id": "4438a402-b86c-4997-bc92-0ef883b68092",
    "Name": "Abinaya A",
    "Code": "708921",
    "ProjectId": "4b45e187-d04f-4c4b-bc42-641811e9cf4b",
    "RoleId": "3db1090a-687c-45d0-9ec2-2c1346457572",
    "Active": true
  },
  {
    "AssociateDetails": null,
    "Project": null,
    "Role": null,
    "Id": "c92bf9dd-d1f0-4374-8c9b-128fd3ddff0b",
    "Name": "Sarbajit Paul",
    "Code": "668289",
    "ProjectId": "47c8b325-5331-43c3-a942-c82ec950f4b5",
    "RoleId": "45380aaf-d6ed-4ae9-9789-90f0d21dd761",
    "Active": true
  },
  {
    "AssociateDetails": null,
    "Project": null,
    "Role": null,
    "Id": "12f57eda-d3a5-4c2d-ad5e-15958f9c5ecd",
    "Name": "Mohamed Nadheem",
    "Code": "571363",
    "ProjectId": "4b45e187-d04f-4c4b-bc42-641811e9cf4b",
    "RoleId": "3db1090a-687c-45d0-9ec2-2c1346457572",
    "Active": true
  },
  {
    "AssociateDetails": null,
    "Project": null,
    "Role": null,
    "Id": "33e0dfab-3e41-4cb6-af26-1a6ea30bbb90",
    "Name": "Keerthana Sakthivel",
    "Code": "616555",
    "ProjectId": "37786e07-b369-4fdf-bc1a-c386c4465993",
    "RoleId": "3db1090a-687c-45d0-9ec2-2c1346457573",
    "Active": true
  },
  {
    "AssociateDetails": null,
    "Project": null,
    "Role": null,
    "Id": "5ac4b55a-946f-4ee7-a06a-1b05015a7949",
    "Name": "Abhilash Balakrishnan",
    "Code": "671980",
    "ProjectId": "d92f82ec-93c0-4007-b0c9-57d2243182b0",
    "RoleId": "45380aaf-d6ed-4ae9-9789-90f0d21dd761",
    "Active": true
  },
  {
    "AssociateDetails": null,
    "Project": null,
    "Role": null,
    "Id": "6942d796-f9e7-4633-9835-1b0a5ae60ed6",
    "Name": "Sunil Kumar Rai",
    "Code": "495215",
    "ProjectId": "948fcd03-22a3-4331-9529-a2df50ca2f0a",
    "RoleId": "720de7aa-d5b2-441b-8f87-0f55f3b9420f",
    "Active": true
  },
  {
    "AssociateDetails": null,
    "Project": null,
    "Role": null,
    "Id": "663a7b39-f719-4d52-b8d6-1b8a2f5738b3",
    "Name": "Saravanakumar Jaganathan",
    "Code": "672166",
    "ProjectId": "4b45e187-d04f-4c4b-bc42-641811e9cf4b",
    "RoleId": "8fffc7c1-52c0-48a3-a88b-e4248241c3c5",
    "Active": true
  },
  {
    "AssociateDetails": null,
    "Project": null,
    "Role": null,
    "Id": "b2489b52-71bf-4ae0-bee3-1ba10861861e",
    "Name": "Rahul Singh",
    "Code": "672234",
    "ProjectId": "230c4f38-2850-4b55-b1ad-6326c729653a",
    "RoleId": "8fffc7c1-52c0-48a3-a88b-e4248241c3c5",
    "Active": true
  },
  {
    "AssociateDetails": null,
    "Project": null,
    "Role": null,
    "Id": "4b62e31b-e5d8-44ae-ba6c-23ea493aa2eb",
    "Name": "Sushma Kumar",
    "Code": "577101",
    "ProjectId": "948fcd03-22a3-4331-9529-a2df50ca2f0a",
    "RoleId": "720de7aa-d5b2-441b-8f87-0f55f3b9420f",
    "Active": true
  },
  {
    "AssociateDetails": null,
    "Project": null,
    "Role": null,
    "Id": "bbe9d74e-00b0-4230-adf3-2a3bff2c1bc5",
    "Name": "Saranya Nagarajan",
    "Code": "358611",
    "ProjectId": "7adab4a1-fc38-4cd3-a2f1-9a169313f6e3",
    "RoleId": "3db1090a-687c-45d0-9ec2-2c1346457573",
    "Active": true
  },
  {
    "AssociateDetails": null,
    "Project": null,
    "Role": null,
    "Id": "02b9cfde-52be-475f-b7ac-33149b47b8c8",
    "Name": "Vetri Nagarajan",
    "Code": "721602",
    "ProjectId": "2da89430-543d-490a-a897-5951dcec71f2",
    "RoleId": "3db1090a-687c-45d0-9ec2-2c1346457572",
    "Active": true
  },
  {
    "AssociateDetails": null,
    "Project": null,
    "Role": null,
    "Id": "eab01d11-6f79-49d4-b75f-33862320b15c",
    "Name": "Nandhini Ulaganathan",
    "Code": "672095",
    "ProjectId": "cea7a493-d50e-4480-b669-e524339d495d",
    "RoleId": "45380aaf-d6ed-4ae9-9789-90f0d21dd761",
    "Active": true
  },
  {
    "AssociateDetails": null,
    "Project": null,
    "Role": null,
    "Id": "126e6981-394a-47ac-a1d8-349786428090",
    "Name": "Gowthami Balu",
    "Code": "692071",
    "ProjectId": "7adab4a1-fc38-4cd3-a2f1-9a169313f6e3",
    "RoleId": "4743551a-2637-4022-b710-62854b89beaf",
    "Active": true
  },
  {
    "AssociateDetails": null,
    "Project": null,
    "Role": null,
    "Id": "39ee5b87-837c-4f70-9f59-359afe3490a2",
    "Name": "Krithika Ravichandran",
    "Code": "717606",
    "ProjectId": "2da89430-543d-490a-a897-5951dcec71f2",
    "RoleId": "3db1090a-687c-45d0-9ec2-2c1346457572",
    "Active": true
  },
  {
    "AssociateDetails": null,
    "Project": null,
    "Role": null,
    "Id": "d98af6a3-eb0e-4027-a411-3a7c27f096c7",
    "Name": "Karthik Varma Kakarlapudi",
    "Code": "512625",
    "ProjectId": "230c4f38-2850-4b55-b1ad-6326c729653a",
    "RoleId": "3db1090a-687c-45d0-9ec2-2c1346457572",
    "Active": true
  },
  {
    "AssociateDetails": null,
    "Project": null,
    "Role": null,
    "Id": "d7f7fac9-37d6-4055-b01c-3b2703fcc51c",
    "Name": "Karthik Balasubramanian",
    "Code": "678867",
    "ProjectId": "37786e07-b369-4fdf-bc1a-c386c4465993",
    "RoleId": "4743551a-2637-4022-b710-62854b89beaf",
    "Active": true
  },
  {
    "AssociateDetails": null,
    "Project": null,
    "Role": null,
    "Id": "5a59e37f-d8d2-4c09-8398-3e34c3f6ca1d",
    "Name": "George Vattukalathil",
    "Code": "621131",
    "ProjectId": "cd9cffae-e004-4885-ad88-7cc8766bc41b",
    "RoleId": "3db1090a-687c-45d0-9ec2-2c1346457573",
    "Active": true
  },
  {
    "AssociateDetails": null,
    "Project": null,
    "Role": null,
    "Id": "92c199c2-6a19-4a49-809a-41d399b9759e",
    "Name": "Sarvani Kalahasti",
    "Code": "701741",
    "ProjectId": "cd9cffae-e004-4885-ad88-7cc8766bc41b",
    "RoleId": "3db1090a-687c-45d0-9ec2-2c1346457573",
    "Active": true
  },
  {
    "AssociateDetails": null,
    "Project": null,
    "Role": null,
    "Id": "8f51914e-2428-4093-9ece-44b0983c4164",
    "Name": "Gobinath Pandi",
    "Code": "584564",
    "ProjectId": "6a5c5675-f989-4d62-b425-82db4a900320",
    "RoleId": "3db1090a-687c-45d0-9ec2-2c1346457572",
    "Active": true
  },
  {
    "AssociateDetails": null,
    "Project": null,
    "Role": null,
    "Id": "9db7b3db-b3c8-4402-a9d4-4630980c811e",
    "Name": "Sandeep Surendran",
    "Code": "589410",
    "ProjectId": "2da89430-543d-490a-a897-5951dcec71f2",
    "RoleId": "3db1090a-687c-45d0-9ec2-2c1346457572",
    "Active": true
  },
  {
    "AssociateDetails": null,
    "Project": null,
    "Role": null,
    "Id": "89819110-e74f-4e9a-b8b2-4a03a8712408",
    "Name": "Gopinath Ramanathan",
    "Code": "566822",
    "ProjectId": "4b45e187-d04f-4c4b-bc42-641811e9cf4b",
    "RoleId": "132b2fad-ee84-4086-8f19-cde0013fa5b0",
    "Active": true
  },
  {
    "AssociateDetails": null,
    "Project": null,
    "Role": null,
    "Id": "081f7b53-2a3b-4b2f-b562-4e3db22fb357",
    "Name": "Syeda Marifa Zahan Subhani",
    "Code": "691990",
    "ProjectId": "7adab4a1-fc38-4cd3-a2f1-9a169313f6e3",
    "RoleId": "4743551a-2637-4022-b710-62854b89beaf",
    "Active": true
  },
  {
    "AssociateDetails": null,
    "Project": null,
    "Role": null,
    "Id": "a21e4e09-2bb4-4724-b0f2-543ea9b28ee4",
    "Name": "Sanitha Mezhukkatil Abdulkhader",
    "Code": "306994",
    "ProjectId": "2da89430-543d-490a-a897-5951dcec71f2",
    "RoleId": "3db1090a-687c-45d0-9ec2-2c1346457572",
    "Active": true
  },
  {
    "AssociateDetails": null,
    "Project": null,
    "Role": null,
    "Id": "c8f1d47a-17c2-4bdd-8820-59e29ab9b267",
    "Name": "Manoharan Raja",
    "Code": "622127",
    "ProjectId": "948fcd03-22a3-4331-9529-a2df50ca2f0a",
    "RoleId": "4743551a-2637-4022-b710-62854b89beaf",
    "Active": true
  },
  {
    "AssociateDetails": null,
    "Project": null,
    "Role": null,
    "Id": "8a4edee4-9b82-4fe0-adb0-5a3a229b5191",
    "Name": "Vishalini Vijayarahavan",
    "Code": "681101",
    "ProjectId": "d92f82ec-93c0-4007-b0c9-57d2243182b0",
    "RoleId": "4743551a-2637-4022-b710-62854b89beaf",
    "Active": true
  },
  {
    "AssociateDetails": null,
    "Project": null,
    "Role": null,
    "Id": "a9a88a32-f491-417d-a54e-5c355a45207f",
    "Name": "Anuragapriya Muthiri",
    "Code": "566143",
    "ProjectId": "a5248540-6ad6-4df4-9820-3dcf6afe204f",
    "RoleId": "132b2fad-ee84-4086-8f19-cde0013fa5b0",
    "Active": true
  },
  {
    "AssociateDetails": null,
    "Project": null,
    "Role": null,
    "Id": "23fa02d2-1960-4615-99e0-5d2930295602",
    "Name": "Karthik Anbazhagan",
    "Code": "492980",
    "ProjectId": "62f19a23-edaf-45c6-b4f3-4f8104eafdd0",
    "RoleId": "3db1090a-687c-45d0-9ec2-2c1346457573",
    "Active": true
  },
  {
    "AssociateDetails": null,
    "Project": null,
    "Role": null,
    "Id": "07cf0b31-d071-4b5c-94b6-6306b162c84b",
    "Name": "Vijayaraman Arumugam",
    "Code": "158736",
    "ProjectId": "a5248540-6ad6-4df4-9820-3dcf6afe204f",
    "RoleId": "132b2fad-ee84-4086-8f19-cde0013fa5b0",
    "Active": true
  },
  {
    "AssociateDetails": null,
    "Project": null,
    "Role": null,
    "Id": "eee2c044-6daa-41c0-9eec-651f7dba0b3f",
    "Name": "Anbuselvan Samiyappan",
    "Code": "551914",
    "ProjectId": "a5248540-6ad6-4df4-9820-3dcf6afe204f",
    "RoleId": "132b2fad-ee84-4086-8f19-cde0013fa5b0",
    "Active": true
  },
  {
    "AssociateDetails": null,
    "Project": null,
    "Role": null,
    "Id": "cefd981d-9203-4c07-9dec-788e05e51875",
    "Name": "Theynisha Ramesh",
    "Code": "672007",
    "ProjectId": "4b45e187-d04f-4c4b-bc42-641811e9cf4b",
    "RoleId": "8fffc7c1-52c0-48a3-a88b-e4248241c3c5",
    "Active": true
  },
  {
    "AssociateDetails": null,
    "Project": null,
    "Role": null,
    "Id": "46280bd7-61c9-44ab-a6f2-78b21d6397ea",
    "Name": "Arun Raj Deva",
    "Code": "668406",
    "ProjectId": "2a124364-69df-4518-8ff7-fc63ef906aa3",
    "RoleId": "8fffc7c1-52c0-48a3-a88b-e4248241c3c5",
    "Active": true
  },
  {
    "AssociateDetails": null,
    "Project": null,
    "Role": null,
    "Id": "3cf03124-e2d0-4a18-b048-78bbb69bc7a0",
    "Name": "Priyadharshini Sadhasivam",
    "Code": "561933",
    "ProjectId": "67283283-37f6-4b1d-be5a-75754de9f859",
    "RoleId": "3db1090a-687c-45d0-9ec2-2c1346457572",
    "Active": true
  },
  {
    "AssociateDetails": null,
    "Project": null,
    "Role": null,
    "Id": "e9137b95-8464-4c96-9f1c-854350952681",
    "Name": "Sravanthi Vellala",
    "Code": "718432",
    "ProjectId": "230c4f38-2850-4b55-b1ad-6326c729653a",
    "RoleId": "3db1090a-687c-45d0-9ec2-2c1346457572",
    "Active": true
  },
  {
    "AssociateDetails": null,
    "Project": null,
    "Role": null,
    "Id": "0327f343-01a1-429e-80b6-900f533c1f07",
    "Name": "Roopan Bhuvanendra Babu",
    "Code": "518557",
    "ProjectId": "a5248540-6ad6-4df4-9820-3dcf6afe204f",
    "RoleId": "132b2fad-ee84-4086-8f19-cde0013fa5b0",
    "Active": true
  },
  {
    "AssociateDetails": null,
    "Project": null,
    "Role": null,
    "Id": "fe45d577-1e09-4c49-ac8b-91c40d3604b1",
    "Name": "Mukesh kumar",
    "Code": "693234",
    "ProjectId": "d92f82ec-93c0-4007-b0c9-57d2243182b0",
    "RoleId": "4743551a-2637-4022-b710-62854b89beaf",
    "Active": true
  },
  {
    "AssociateDetails": null,
    "Project": null,
    "Role": null,
    "Id": "63ba0355-5e84-4346-89fe-96372ece4163",
    "Name": "Akshaya Vivekanandan",
    "Code": "701564",
    "ProjectId": "cea7a493-d50e-4480-b669-e524339d495d",
    "RoleId": "4743551a-2637-4022-b710-62854b89beaf",
    "Active": true
  },
  {
    "AssociateDetails": null,
    "Project": null,
    "Role": null,
    "Id": "eea13711-9636-4f4c-a911-97ac86248f62",
    "Name": "Sudharsan Sundharrajan",
    "Code": "685099",
    "ProjectId": "41830933-323f-4e2d-8ed9-78c851df07cc",
    "RoleId": "4743551a-2637-4022-b710-62854b89beaf",
    "Active": true
  },
  {
    "AssociateDetails": null,
    "Project": null,
    "Role": null,
    "Id": "447427c8-c18c-4cb1-a76e-9807e9e02237",
    "Name": "Pooja Joshi",
    "Code": "668408",
    "ProjectId": "7adab4a1-fc38-4cd3-a2f1-9a169313f6e3",
    "RoleId": "45380aaf-d6ed-4ae9-9789-90f0d21dd761",
    "Active": true
  },
  {
    "AssociateDetails": null,
    "Project": null,
    "Role": null,
    "Id": "1f157eee-c029-446e-b70c-990a3504e59b",
    "Name": "Surabhi Chanchal",
    "Code": "693216",
    "ProjectId": "948fcd03-22a3-4331-9529-a2df50ca2f0a",
    "RoleId": "4743551a-2637-4022-b710-62854b89beaf",
    "Active": true
  },
  {
    "AssociateDetails": null,
    "Project": null,
    "Role": null,
    "Id": "14c62698-5373-4ecb-8d23-995e4b98874b",
    "Name": "Dinesh Kumar Mani",
    "Code": "691078",
    "ProjectId": "d7c1471a-270b-4da2-8018-253e12fcb177",
    "RoleId": "4743551a-2637-4022-b710-62854b89beaf",
    "Active": true
  },
  {
    "AssociateDetails": null,
    "Project": null,
    "Role": null,
    "Id": "b8cd6830-d4cf-409a-9dde-a95c5371ae8d",
    "Name": "Sathishkumar Sundararajan ",
    "Code": "242095",
    "ProjectId": "948fcd03-22a3-4331-9529-a2df50ca2f0a",
    "RoleId": "3d484d65-5409-4099-988d-a834241a1dad",
    "Active": true
  },
  {
    "AssociateDetails": null,
    "Project": null,
    "Role": null,
    "Id": "e4878ba7-b61b-4f9c-ab09-ac8ec9b99ee9",
    "Name": "Vijayakumar Subramanian",
    "Code": "549870",
    "ProjectId": "948fcd03-22a3-4331-9529-a2df50ca2f0a",
    "RoleId": "4743551a-2637-4022-b710-62854b89beaf",
    "Active": true
  },
  {
    "AssociateDetails": null,
    "Project": null,
    "Role": null,
    "Id": "5c0b21be-30d7-4beb-8d55-ad9cd771ebd2",
    "Name": "Jagan Mathi",
    "Code": "561909",
    "ProjectId": "32550114-e8ce-485b-adaa-69acffb61d24",
    "RoleId": "3db1090a-687c-45d0-9ec2-2c1346457572",
    "Active": true
  },
  {
    "AssociateDetails": null,
    "Project": null,
    "Role": null,
    "Id": "46f96919-4b97-477c-b482-adb5f2a848e9",
    "Name": "Saranya Poobathi",
    "Code": "708881",
    "ProjectId": "02dbaf79-edf5-4f55-91d4-950eda4e6c12",
    "RoleId": "3db1090a-687c-45d0-9ec2-2c1346457572",
    "Active": true
  },
  {
    "AssociateDetails": null,
    "Project": null,
    "Role": null,
    "Id": "05d12168-65fe-4f04-8ae6-af7a8a1979b8",
    "Name": "Jyoti Gupta",
    "Code": "672098",
    "ProjectId": "230c4f38-2850-4b55-b1ad-6326c729653a",
    "RoleId": "8fffc7c1-52c0-48a3-a88b-e4248241c3c5",
    "Active": true
  },
  {
    "AssociateDetails": null,
    "Project": null,
    "Role": null,
    "Id": "5bfd6bcc-18a4-4abb-9375-b495354e1fdc",
    "Name": "Swathik Raj Raj",
    "Code": "561837",
    "ProjectId": "47c8b325-5331-43c3-a942-c82ec950f4b5",
    "RoleId": "45380aaf-d6ed-4ae9-9789-90f0d21dd761",
    "Active": true
  },
  {
    "AssociateDetails": null,
    "Project": null,
    "Role": null,
    "Id": "ca52706b-5e4d-47b6-bcb7-b6431e99b217",
    "Name": "Anand Periyasamy",
    "Code": "579925",
    "ProjectId": "230c4f38-2850-4b55-b1ad-6326c729653a",
    "RoleId": "132b2fad-ee84-4086-8f19-cde0013fa5b0",
    "Active": true
  },
  {
    "AssociateDetails": null,
    "Project": null,
    "Role": null,
    "Id": "9b207652-a0b2-42e2-b511-b87f98456ccc",
    "Name": "Dhivakar AnthonyDass",
    "Code": "611377",
    "ProjectId": "cea7a493-d50e-4480-b669-e524339d495d",
    "RoleId": "4743551a-2637-4022-b710-62854b89beaf",
    "Active": true
  },
  {
    "AssociateDetails": null,
    "Project": null,
    "Role": null,
    "Id": "defc89c1-a1b8-4dcb-b55d-bd5613987bd1",
    "Name": "Balaji Krishnan",
    "Code": "266874",
    "ProjectId": "7adab4a1-fc38-4cd3-a2f1-9a169313f6e3",
    "RoleId": "3d484d65-5409-4099-988d-a834241a1dad",
    "Active": true
  },
  {
    "AssociateDetails": null,
    "Project": null,
    "Role": null,
    "Id": "72dcb037-277c-49d1-85e6-bdf1e5241de4",
    "Name": "Subhasree Chellapandiyan",
    "Code": "691159",
    "ProjectId": "47c8b325-5331-43c3-a942-c82ec950f4b5",
    "RoleId": "4743551a-2637-4022-b710-62854b89beaf",
    "Active": true
  },
  {
    "AssociateDetails": null,
    "Project": null,
    "Role": null,
    "Id": "7e655cda-44b4-4f4f-8417-c0d1eb95e29f",
    "Name": "Naveenkumar Akkarakattil",
    "Code": "315093",
    "ProjectId": "2da89430-543d-490a-a897-5951dcec71f2",
    "RoleId": "3db1090a-687c-45d0-9ec2-2c1346457572",
    "Active": true
  },
  {
    "AssociateDetails": null,
    "Project": null,
    "Role": null,
    "Id": "63b01b56-d614-44c6-9467-c7ad3d162925",
    "Name": "Buvani Ravichandran",
    "Code": "691073",
    "ProjectId": "7adab4a1-fc38-4cd3-a2f1-9a169313f6e3",
    "RoleId": "4743551a-2637-4022-b710-62854b89beaf",
    "Active": true
  },
  {
    "AssociateDetails": null,
    "Project": null,
    "Role": null,
    "Id": "041efbd5-487d-4877-8de7-cf2e63b0cc05",
    "Name": "Pradeep Kumar Subramanian",
    "Code": "318641",
    "ProjectId": "62f19a23-edaf-45c6-b4f3-4f8104eafdd0",
    "RoleId": "3db1090a-687c-45d0-9ec2-2c1346457573",
    "Active": true
  },
  {
    "AssociateDetails": null,
    "Project": null,
    "Role": null,
    "Id": "8f1f846c-aa6c-4d23-94b4-dc6f53b91738",
    "Name": "Raja G S Ravindran",
    "Code": "560766",
    "ProjectId": "4b45e187-d04f-4c4b-bc42-641811e9cf4b",
    "RoleId": "3db1090a-687c-45d0-9ec2-2c1346457572",
    "Active": true
  },
  {
    "AssociateDetails": null,
    "Project": null,
    "Role": null,
    "Id": "b4344387-c808-4a5d-b55d-e11b38ce4aab",
    "Name": "Muthukumaran Rethinasabapathi",
    "Code": "249732",
    "ProjectId": "cd9cffae-e004-4885-ad88-7cc8766bc41b",
    "RoleId": "3d484d65-5409-4099-988d-a834241a1dad",
    "Active": true
  },
  {
    "AssociateDetails": null,
    "Project": null,
    "Role": null,
    "Id": "5c7f1565-9eb1-41f8-8680-e1be6e78da5b",
    "Name": "Deep Ghosh",
    "Code": "622063",
    "ProjectId": "230c4f38-2850-4b55-b1ad-6326c729653a",
    "RoleId": "3db1090a-687c-45d0-9ec2-2c1346457572",
    "Active": true
  },
  {
    "AssociateDetails": null,
    "Project": null,
    "Role": null,
    "Id": "c9548c24-cee3-4db6-acbc-e581a441d45a",
    "Name": "Shaik RahemathBasha",
    "Code": "685100",
    "ProjectId": "948fcd03-22a3-4331-9529-a2df50ca2f0a",
    "RoleId": "4743551a-2637-4022-b710-62854b89beaf",
    "Active": true
  },
  {
    "AssociateDetails": null,
    "Project": null,
    "Role": null,
    "Id": "10a3e594-9d7a-4ec8-adb9-e5ab3c964432",
    "Name": "Raguraman Jayaraman",
    "Code": "509984",
    "ProjectId": "230c4f38-2850-4b55-b1ad-6326c729653a",
    "RoleId": "132b2fad-ee84-4086-8f19-cde0013fa5b0",
    "Active": true
  },
  {
    "AssociateDetails": null,
    "Project": null,
    "Role": null,
    "Id": "9e666d0c-a9b1-481f-8d41-edc1f4e63fcd",
    "Name": "Suriya Shanmuganathan",
    "Code": "657188",
    "ProjectId": "7adab4a1-fc38-4cd3-a2f1-9a169313f6e3",
    "RoleId": "45380aaf-d6ed-4ae9-9789-90f0d21dd761",
    "Active": true
  },
  {
    "AssociateDetails": null,
    "Project": null,
    "Role": null,
    "Id": "e2d2bee3-29df-4e8d-bbc4-f40f44ae5b22",
    "Name": "Jasmine Sayedhameed",
    "Code": "505798",
    "ProjectId": "41830933-323f-4e2d-8ed9-78c851df07cc",
    "RoleId": "3db1090a-687c-45d0-9ec2-2c1346457573",
    "Active": true
  },
  {
    "AssociateDetails": null,
    "Project": null,
    "Role": null,
    "Id": "3e53416c-a74b-4e07-b68a-f6702eba100b",
    "Name": "Siva Ganesh Arumugam",
    "Code": "304652",
    "ProjectId": "a5248540-6ad6-4df4-9820-3dcf6afe204f",
    "RoleId": "132b2fad-ee84-4086-8f19-cde0013fa5b0",
    "Active": true
  },
  {
    "AssociateDetails": null,
    "Project": null,
    "Role": null,
    "Id": "f31f24a9-7581-4524-b1b3-fb4189cea9e6",
    "Name": "Gande Rohith",
    "Code": "572874",
    "ProjectId": "67283283-37f6-4b1d-be5a-75754de9f859",
    "RoleId": "3db1090a-687c-45d0-9ec2-2c1346457572",
    "Active": true
  },
  {
    "AssociateDetails": null,
    "Project": null,
    "Role": null,
    "Id": "4c32a4ec-c5c7-449a-82c5-fb548a6ba338",
    "Name": "Vinodiny Palanisamy",
    "Code": "681076",
    "ProjectId": "4b45e187-d04f-4c4b-bc42-641811e9cf4b",
    "RoleId": "8fffc7c1-52c0-48a3-a88b-e4248241c3c5",
    "Active": true
  }
]