[{"AssociatePlan":[],"KnowledgeTransfer":null,"Mode":null,"ProjectGroup":null,"Role":null,"Id":"348c3030-5463-402f-96ee-021d0acbc872","ProjectGroupId":"329f1241-1cae-47db-b07f-65bb46706a17","RoleId":"132b2fad-ee84-4086-8f19-cde0013fa5b0","Week":1,"Day":2,"KnowledgeTransferId":"33808aec-5dcf-4251-9807-119cdb87806f","ModeId":"4308b9b7-5961-4ca4-950e-3d48e102f208","OwnerId":null,"Owner":null,"Reference":"Understand View Model in Asp.Net MVC - MVC","ScheduledDate":"2019-01-07T00:00:00","Active":true},{"AssociatePlan":[],"KnowledgeTransfer":null,"Mode":null,"ProjectGroup":null,"Role":null,"Id":"4b4fb121-2f28-47ec-b623-07cd9fdab940","ProjectGroupId":"329f1241-1cae-47db-b07f-65bb46706a17","RoleId":"132b2fad-ee84-4086-8f19-cde0013fa5b0","Week":2,"Day":8,"KnowledgeTransferId":"c2422945-299f-4ebc-9952-1c8a34a7688f","ModeId":"4308b9b7-5961-4ca4-950e-3d48e102f208","OwnerId":null,"Owner":null,"Reference":"Developing POCs with Trainer assistance - Hands on","ScheduledDate":"2019-01-18T00:00:00","Active":true},{"AssociatePlan":[],"KnowledgeTransfer":null,"Mode":null,"ProjectGroup":null,"Role":null,"Id":"600bb0ab-ba5f-4d91-b300-0ade797f3c31","ProjectGroupId":"329f1241-1cae-47db-b07f-65bb46706a17","RoleId":"132b2fad-ee84-4086-8f19-cde0013fa5b0","Week":1,"Day":7,"KnowledgeTransferId":"1dca2090-1386-439b-973b-c3803d8ee93b","ModeId":"4308b9b7-5961-4ca4-950e-3d48e102f208","OwnerId":null,"Owner":null,"Reference":"State, Props and Unidirectional data flow - React JS","ScheduledDate":"2019-01-10T00:00:00","Active":true},{"AssociatePlan":[],"KnowledgeTransfer":null,"Mode":null,"ProjectGroup":null,"Role":null,"Id":"0b8e69bd-6e29-4d47-9c91-12ca693700fb","ProjectGroupId":"329f1241-1cae-47db-b07f-65bb46706a17","RoleId":"132b2fad-ee84-4086-8f19-cde0013fa5b0","Week":1,"Day":7,"KnowledgeTransferId":"a3a049c4-1edf-4442-bfad-7387f5bd22bb","ModeId":"4308b9b7-5961-4ca4-950e-3d48e102f208","OwnerId":null,"Owner":null,"Reference":"What is ReactJS? Why React JS - React JS","ScheduledDate":"2019-01-10T00:00:00","Active":true},{"AssociatePlan":[],"KnowledgeTransfer":null,"Mode":null,"ProjectGroup":null,"Role":null,"Id":"0bb21ea9-6971-4338-9470-1f7a72b76b9f","ProjectGroupId":"329f1241-1cae-47db-b07f-65bb46706a17","RoleId":"132b2fad-ee84-4086-8f19-cde0013fa5b0","Week":1,"Day":3,"KnowledgeTransferId":"0504b77e-e6ea-442c-a564-2ab8f1c825bd","ModeId":"4308b9b7-5961-4ca4-950e-3d48e102f208","OwnerId":null,"Owner":null,"Reference":"Understanding Areas in MVC - MVC","ScheduledDate":"2019-01-08T00:00:00","Active":true},{"AssociatePlan":[],"KnowledgeTransfer":null,"Mode":null,"ProjectGroup":null,"Role":null,"Id":"9b920165-44db-48ee-8ab0-20c5c656fdc4","ProjectGroupId":"329f1241-1cae-47db-b07f-65bb46706a17","RoleId":"132b2fad-ee84-4086-8f19-cde0013fa5b0","Week":1,"Day":2,"KnowledgeTransferId":"a36112b8-ea8c-4525-bcea-cde1397a343f","ModeId":"4308b9b7-5961-4ca4-950e-3d48e102f208","OwnerId":null,"Owner":null,"Reference":"View With collection - MVC","ScheduledDate":"2019-01-07T00:00:00","Active":true},{"AssociatePlan":[],"KnowledgeTransfer":null,"Mode":null,"ProjectGroup":null,"Role":null,"Id":"6c59ed2b-cf3c-43fb-bf7d-217a1f0dd4dd","ProjectGroupId":"329f1241-1cae-47db-b07f-65bb46706a17","RoleId":"132b2fad-ee84-4086-8f19-cde0013fa5b0","Week":1,"Day":2,"KnowledgeTransferId":"e5796870-5ea8-46ef-a4f6-8721a684fcbc","ModeId":"4308b9b7-5961-4ca4-950e-3d48e102f208","OwnerId":null,"Owner":null,"Reference":"Passing Data from Controller to View - MVC","ScheduledDate":"2019-01-07T00:00:00","Active":true},{"AssociatePlan":[],"KnowledgeTransfer":null,"Mode":null,"ProjectGroup":null,"Role":null,"Id":"e82a46b9-d8e7-4452-bcc1-22757a3b7e6b","ProjectGroupId":"329f1241-1cae-47db-b07f-65bb46706a17","RoleId":"132b2fad-ee84-4086-8f19-cde0013fa5b0","Week":2,"Day":9,"KnowledgeTransferId":"1b1a2c95-c5c3-4eac-9fd7-bfc61d709b3d","ModeId":"4308b9b7-5961-4ca4-950e-3d48e102f208","OwnerId":null,"Owner":null,"Reference":"ComponentWillUnMount - React JS","ScheduledDate":"2019-01-21T00:00:00","Active":true},{"AssociatePlan":[],"KnowledgeTransfer":null,"Mode":null,"ProjectGroup":null,"Role":null,"Id":"42e45b1e-5620-44a6-b9c9-22bab5c07345","ProjectGroupId":"329f1241-1cae-47db-b07f-65bb46706a17","RoleId":"132b2fad-ee84-4086-8f19-cde0013fa5b0","Week":1,"Day":7,"KnowledgeTransferId":"dda59a92-90f8-4453-803b-d92304b745b1","ModeId":"4308b9b7-5961-4ca4-950e-3d48e102f208","OwnerId":null,"Owner":null,"Reference":"What is JSX? - React JS","ScheduledDate":"2019-01-10T00:00:00","Active":true},{"AssociatePlan":[],"KnowledgeTransfer":null,"Mode":null,"ProjectGroup":null,"Role":null,"Id":"e38ffafa-5b47-4681-bbda-234b2deade34","ProjectGroupId":"329f1241-1cae-47db-b07f-65bb46706a17","RoleId":"132b2fad-ee84-4086-8f19-cde0013fa5b0","Week":1,"Day":3,"KnowledgeTransferId":"54779488-438a-4cdb-9dfa-fdc7510cac98","ModeId":"4308b9b7-5961-4ca4-950e-3d48e102f208","OwnerId":null,"Owner":null,"Reference":"HTTP verbs in MVC - MVC","ScheduledDate":"2019-01-08T00:00:00","Active":true},{"AssociatePlan":[],"KnowledgeTransfer":null,"Mode":null,"ProjectGroup":null,"Role":null,"Id":"ebeaab11-f42b-4615-b6a2-26907ae4a701","ProjectGroupId":"329f1241-1cae-47db-b07f-65bb46706a17","RoleId":"132b2fad-ee84-4086-8f19-cde0013fa5b0","Week":2,"Day":9,"KnowledgeTransferId":"ee59c90a-847e-4f20-a13d-e2caf23bbf9d","ModeId":"4308b9b7-5961-4ca4-950e-3d48e102f208","OwnerId":null,"Owner":null,"Reference":"React component Life cycle - React JS","ScheduledDate":"2019-01-21T00:00:00","Active":true},{"AssociatePlan":[],"KnowledgeTransfer":null,"Mode":null,"ProjectGroup":null,"Role":null,"Id":"c5ac0089-81b9-4cb0-b5b7-271a06d7cebf","ProjectGroupId":"329f1241-1cae-47db-b07f-65bb46706a17","RoleId":"132b2fad-ee84-4086-8f19-cde0013fa5b0","Week":1,"Day":4,"KnowledgeTransferId":"baa1e02f-a7d0-4e63-9b6d-daecc075ace3","ModeId":"4308b9b7-5961-4ca4-950e-3d48e102f208","OwnerId":null,"Owner":null,"Reference":"Ignore() - Mapping","ScheduledDate":"2019-01-07T00:00:00","Active":true},{"AssociatePlan":[],"KnowledgeTransfer":null,"Mode":null,"ProjectGroup":null,"Role":null,"Id":"f28ed035-8774-4635-92f1-337a287bcc83","ProjectGroupId":"329f1241-1cae-47db-b07f-65bb46706a17","RoleId":"132b2fad-ee84-4086-8f19-cde0013fa5b0","Week":2,"Day":9,"KnowledgeTransferId":"16893e74-bd8f-4a2f-8a87-ed8a8c665ee1","ModeId":"4308b9b7-5961-4ca4-950e-3d48e102f208","OwnerId":null,"Owner":null,"Reference":"ComponentDidMount - React JS","ScheduledDate":"2019-01-21T00:00:00","Active":true},{"AssociatePlan":[],"KnowledgeTransfer":null,"Mode":null,"ProjectGroup":null,"Role":null,"Id":"f16ed125-5dcf-4324-9d48-3832ca9c740f","ProjectGroupId":"329f1241-1cae-47db-b07f-65bb46706a17","RoleId":"132b2fad-ee84-4086-8f19-cde0013fa5b0","Week":2,"Day":13,"KnowledgeTransferId":"757bf178-89f9-4d7d-bfd5-d2163bcf683c","ModeId":"4308b9b7-5961-4ca4-950e-3d48e102f208","OwnerId":null,"Owner":null,"Reference":"Best practices & Q/A with Trainer assistance - Overall","ScheduledDate":"2019-01-23T00:00:00","Active":true},{"AssociatePlan":[],"KnowledgeTransfer":null,"Mode":null,"ProjectGroup":null,"Role":null,"Id":"4910693c-70ca-4740-829a-383a6fc5b135","ProjectGroupId":"329f1241-1cae-47db-b07f-65bb46706a17","RoleId":"132b2fad-ee84-4086-8f19-cde0013fa5b0","Week":2,"Day":11,"KnowledgeTransferId":"ceabdf4b-d77f-4d9e-bd1d-879fa40ccc29","ModeId":"4308b9b7-5961-4ca4-950e-3d48e102f208","OwnerId":null,"Owner":null,"Reference":"Error Handling (w.r.t FNZ) - Validation","ScheduledDate":"2019-01-21T00:00:00","Active":true},{"AssociatePlan":[],"KnowledgeTransfer":null,"Mode":null,"ProjectGroup":null,"Role":null,"Id":"6793c291-c5eb-4c1b-b31b-402d1a7eed34","ProjectGroupId":"329f1241-1cae-47db-b07f-65bb46706a17","RoleId":"132b2fad-ee84-4086-8f19-cde0013fa5b0","Week":2,"Day":8,"KnowledgeTransferId":"7a5c310d-e121-4af2-ad50-ea950951f1fe","ModeId":"4308b9b7-5961-4ca4-950e-3d48e102f208","OwnerId":null,"Owner":null,"Reference":"Practical session with above said features - React JS","ScheduledDate":"2019-01-18T00:00:00","Active":true},{"AssociatePlan":[],"KnowledgeTransfer":null,"Mode":null,"ProjectGroup":null,"Role":null,"Id":"ec5650be-961b-4bb3-a11a-40ae82f3bf63","ProjectGroupId":"329f1241-1cae-47db-b07f-65bb46706a17","RoleId":"132b2fad-ee84-4086-8f19-cde0013fa5b0","Week":1,"Day":1,"KnowledgeTransferId":"91914c87-2e6c-4bbf-8118-f192cb98b4a1","ModeId":"4308b9b7-5961-4ca4-950e-3d48e102f208","OwnerId":null,"Owner":null,"Reference":"Practical session with above said features - MVC","ScheduledDate":"2019-01-04T00:00:00","Active":true},{"AssociatePlan":[],"KnowledgeTransfer":null,"Mode":null,"ProjectGroup":null,"Role":null,"Id":"310794e7-758d-4e05-bbdb-431a3704e2d8","ProjectGroupId":"329f1241-1cae-47db-b07f-65bb46706a17","RoleId":"132b2fad-ee84-4086-8f19-cde0013fa5b0","Week":1,"Day":2,"KnowledgeTransferId":"63ca647b-b237-478e-ab11-985819153898","ModeId":"4308b9b7-5961-4ca4-950e-3d48e102f208","OwnerId":null,"Owner":null,"Reference":"Practical session with above said features - MVC","ScheduledDate":"2019-01-07T00:00:00","Active":true},{"AssociatePlan":[],"KnowledgeTransfer":null,"Mode":null,"ProjectGroup":null,"Role":null,"Id":"23a8af8b-8658-4437-aed4-441b63cdcd6d","ProjectGroupId":"329f1241-1cae-47db-b07f-65bb46706a17","RoleId":"132b2fad-ee84-4086-8f19-cde0013fa5b0","Week":2,"Day":11,"KnowledgeTransferId":"034e741b-5a3c-48cf-b1bc-ba0153653914","ModeId":"4308b9b7-5961-4ca4-950e-3d48e102f208","OwnerId":null,"Owner":null,"Reference":"Exception Handling (w.r.t FNZ) - Validation","ScheduledDate":"2019-01-21T00:00:00","Active":true},{"AssociatePlan":[],"KnowledgeTransfer":null,"Mode":null,"ProjectGroup":null,"Role":null,"Id":"b75de1d1-5eef-45e5-8f7f-497216a1613c","ProjectGroupId":"329f1241-1cae-47db-b07f-65bb46706a17","RoleId":"132b2fad-ee84-4086-8f19-cde0013fa5b0","Week":1,"Day":3,"KnowledgeTransferId":"5f427bac-2108-446c-b401-597123648d46","ModeId":"4308b9b7-5961-4ca4-950e-3d48e102f208","OwnerId":null,"Owner":null,"Reference":"Practical session MVC application with above said features - MVC","ScheduledDate":"2019-01-08T00:00:00","Active":true},{"AssociatePlan":[],"KnowledgeTransfer":null,"Mode":null,"ProjectGroup":null,"Role":null,"Id":"7af2f5ac-1878-4d6e-9ebd-4ef59eaefb17","ProjectGroupId":"329f1241-1cae-47db-b07f-65bb46706a17","RoleId":"132b2fad-ee84-4086-8f19-cde0013fa5b0","Week":1,"Day":4,"KnowledgeTransferId":"087614c1-80f4-4d5f-8d62-3de7965d4b88","ModeId":"4308b9b7-5961-4ca4-950e-3d48e102f208","OwnerId":null,"Owner":null,"Reference":"What is Mapper or Automapper - Mapping","ScheduledDate":"2019-01-07T00:00:00","Active":true},{"AssociatePlan":[],"KnowledgeTransfer":null,"Mode":null,"ProjectGroup":null,"Role":null,"Id":"401ccbb3-ccc7-48f7-884c-539b612a3fe0","ProjectGroupId":"329f1241-1cae-47db-b07f-65bb46706a17","RoleId":"132b2fad-ee84-4086-8f19-cde0013fa5b0","Week":2,"Day":9,"KnowledgeTransferId":"04781409-c8d7-44af-a688-aea29bcf1fe5","ModeId":"4308b9b7-5961-4ca4-950e-3d48e102f208","OwnerId":null,"Owner":null,"Reference":"ComponentDidUpdate - React JS","ScheduledDate":"2019-01-21T00:00:00","Active":true},{"AssociatePlan":[],"KnowledgeTransfer":null,"Mode":null,"ProjectGroup":null,"Role":null,"Id":"0616be7b-28bc-45c0-9202-5b119ae575d2","ProjectGroupId":"329f1241-1cae-47db-b07f-65bb46706a17","RoleId":"132b2fad-ee84-4086-8f19-cde0013fa5b0","Week":2,"Day":10,"KnowledgeTransferId":"44b948c0-23cb-48f4-9417-be84a99eebdd","ModeId":"4308b9b7-5961-4ca4-950e-3d48e102f208","OwnerId":null,"Owner":null,"Reference":"Understanding Lightbox in ReactJS - React JS","ScheduledDate":"2019-01-22T00:00:00","Active":true},{"AssociatePlan":[],"KnowledgeTransfer":null,"Mode":null,"ProjectGroup":null,"Role":null,"Id":"cc9278d3-ff0c-425e-a56a-5ec9df45de86","ProjectGroupId":"329f1241-1cae-47db-b07f-65bb46706a17","RoleId":"132b2fad-ee84-4086-8f19-cde0013fa5b0","Week":1,"Day":1,"KnowledgeTransferId":"d3fbc871-fb6a-4e3f-9fb4-533af315d674","ModeId":"4308b9b7-5961-4ca4-950e-3d48e102f208","OwnerId":null,"Owner":null,"Reference":"ASP.NET vs MVC vs WebForms- MVC","ScheduledDate":"2019-01-04T00:00:00","Active":true},{"AssociatePlan":[],"KnowledgeTransfer":null,"Mode":null,"ProjectGroup":null,"Role":null,"Id":"dd2c0acb-22d7-47ff-afdc-62779244ce6f","ProjectGroupId":"329f1241-1cae-47db-b07f-65bb46706a17","RoleId":"132b2fad-ee84-4086-8f19-cde0013fa5b0","Week":2,"Day":9,"KnowledgeTransferId":"b70d768d-656b-41d9-947a-96d8e1d8617c","ModeId":"4308b9b7-5961-4ca4-950e-3d48e102f208","OwnerId":null,"Owner":null,"Reference":"ComponentWillMount - React JS","ScheduledDate":"2019-01-21T00:00:00","Active":true},{"AssociatePlan":[],"KnowledgeTransfer":null,"Mode":null,"ProjectGroup":null,"Role":null,"Id":"d91e0021-5629-4166-a4aa-64b2a87a5ab4","ProjectGroupId":"329f1241-1cae-47db-b07f-65bb46706a17","RoleId":"132b2fad-ee84-4086-8f19-cde0013fa5b0","Week":2,"Day":8,"KnowledgeTransferId":"2337ccfd-b035-48e6-af62-2ad11039bebe","ModeId":"4308b9b7-5961-4ca4-950e-3d48e102f208","OwnerId":null,"Owner":null,"Reference":"Practical session with above said features - React JS","ScheduledDate":"2019-01-18T00:00:00","Active":true},{"AssociatePlan":[],"KnowledgeTransfer":null,"Mode":null,"ProjectGroup":null,"Role":null,"Id":"2053ac44-3ce9-44c8-90f4-68cf119865b0","ProjectGroupId":"329f1241-1cae-47db-b07f-65bb46706a17","RoleId":"132b2fad-ee84-4086-8f19-cde0013fa5b0","Week":1,"Day":4,"KnowledgeTransferId":"3f4006e2-bed4-4ccf-9470-ad5593baa69b","ModeId":"4308b9b7-5961-4ca4-950e-3d48e102f208","OwnerId":null,"Owner":null,"Reference":"Practical session with above said features - Mapping","ScheduledDate":"2019-01-07T00:00:00","Active":true},{"AssociatePlan":[],"KnowledgeTransfer":null,"Mode":null,"ProjectGroup":null,"Role":null,"Id":"e7efeaf4-519d-4b5b-bb48-70b0ab3cf060","ProjectGroupId":"329f1241-1cae-47db-b07f-65bb46706a17","RoleId":"132b2fad-ee84-4086-8f19-cde0013fa5b0","Week":2,"Day":9,"KnowledgeTransferId":"16607be5-face-4054-abac-23de1662678f","ModeId":"4308b9b7-5961-4ca4-950e-3d48e102f208","OwnerId":null,"Owner":null,"Reference":"Render - React JS","ScheduledDate":"2019-01-21T00:00:00","Active":true},{"AssociatePlan":[],"KnowledgeTransfer":null,"Mode":null,"ProjectGroup":null,"Role":null,"Id":"44793ac7-8c7c-47b8-a1b9-7a272d94ed67","ProjectGroupId":"329f1241-1cae-47db-b07f-65bb46706a17","RoleId":"132b2fad-ee84-4086-8f19-cde0013fa5b0","Week":1,"Day":4,"KnowledgeTransferId":"4c1087f8-799d-42e7-adb6-57e781eaf506","ModeId":"4308b9b7-5961-4ca4-950e-3d48e102f208","OwnerId":null,"Owner":null,"Reference":"Resolve() - Mapping","ScheduledDate":"2019-01-07T00:00:00","Active":true},{"AssociatePlan":[],"KnowledgeTransfer":null,"Mode":null,"ProjectGroup":null,"Role":null,"Id":"53eed6ae-9529-4c58-b469-7c0ffafc8d04","ProjectGroupId":"329f1241-1cae-47db-b07f-65bb46706a17","RoleId":"132b2fad-ee84-4086-8f19-cde0013fa5b0","Week":1,"Day":6,"KnowledgeTransferId":"3e15638a-76b1-475a-abfc-23764d1aae52","ModeId":"4308b9b7-5961-4ca4-950e-3d48e102f208","OwnerId":null,"Owner":null,"Reference":"Understanding Typescript - TypeScript","ScheduledDate":"2019-01-09T00:00:00","Active":true},{"AssociatePlan":[],"KnowledgeTransfer":null,"Mode":null,"ProjectGroup":null,"Role":null,"Id":"2bba6df1-de5d-4d7c-ae81-7cf1ffab78f2","ProjectGroupId":"329f1241-1cae-47db-b07f-65bb46706a17","RoleId":"132b2fad-ee84-4086-8f19-cde0013fa5b0","Week":1,"Day":1,"KnowledgeTransferId":"81e85811-97e9-4195-b83d-9034bb1827c6","ModeId":"4308b9b7-5961-4ca4-950e-3d48e102f208","OwnerId":null,"Owner":null,"Reference":"Overview on MVC - MVC","ScheduledDate":"2019-01-04T00:00:00","Active":true},{"AssociatePlan":[],"KnowledgeTransfer":null,"Mode":null,"ProjectGroup":null,"Role":null,"Id":"23b62007-a592-4ee5-b2be-881251c8ebd6","ProjectGroupId":"329f1241-1cae-47db-b07f-65bb46706a17","RoleId":"132b2fad-ee84-4086-8f19-cde0013fa5b0","Week":2,"Day":9,"KnowledgeTransferId":"4c696301-8bba-467c-b4df-7eb8b21bf091","ModeId":"4308b9b7-5961-4ca4-950e-3d48e102f208","OwnerId":null,"Owner":null,"Reference":"Practical session with above said features - React JS","ScheduledDate":"2019-01-21T00:00:00","Active":true},{"AssociatePlan":[],"KnowledgeTransfer":null,"Mode":null,"ProjectGroup":null,"Role":null,"Id":"0c166405-5020-4adf-9dbe-91c4b1eacb01","ProjectGroupId":"329f1241-1cae-47db-b07f-65bb46706a17","RoleId":"132b2fad-ee84-4086-8f19-cde0013fa5b0","Week":2,"Day":9,"KnowledgeTransferId":"c7fe0b85-24d2-4d85-a937-c05e487efa9c","ModeId":"4308b9b7-5961-4ca4-950e-3d48e102f208","OwnerId":null,"Owner":null,"Reference":"ShouldComponentUpdate - React JS","ScheduledDate":"2019-01-21T00:00:00","Active":true},{"AssociatePlan":[],"KnowledgeTransfer":null,"Mode":null,"ProjectGroup":null,"Role":null,"Id":"a9c921f6-e4cf-43aa-9d65-96a42ab09126","ProjectGroupId":"329f1241-1cae-47db-b07f-65bb46706a17","RoleId":"132b2fad-ee84-4086-8f19-cde0013fa5b0","Week":1,"Day":4,"KnowledgeTransferId":"2a9e7d65-94ec-4e9f-bc3f-0823b76d5c86","ModeId":"4308b9b7-5961-4ca4-950e-3d48e102f208","OwnerId":null,"Owner":null,"Reference":"Basics of Entity framework - EF","ScheduledDate":"2019-01-07T00:00:00","Active":true},{"AssociatePlan":[],"KnowledgeTransfer":null,"Mode":null,"ProjectGroup":null,"Role":null,"Id":"4db75023-2f97-479e-b9cd-983b8a455a34","ProjectGroupId":"329f1241-1cae-47db-b07f-65bb46706a17","RoleId":"132b2fad-ee84-4086-8f19-cde0013fa5b0","Week":3,"Day":15,"KnowledgeTransferId":"15bbaf83-b93d-4a65-ad93-ceccaedbb846","ModeId":"4308b9b7-5961-4ca4-950e-3d48e102f208","OwnerId":null,"Owner":null,"Reference":"Reserve day - Reserve","ScheduledDate":"2019-02-01T00:00:00","Active":true},{"AssociatePlan":[],"KnowledgeTransfer":null,"Mode":null,"ProjectGroup":null,"Role":null,"Id":"b742a903-7041-4309-8be6-9dd9bddcdce1","ProjectGroupId":"329f1241-1cae-47db-b07f-65bb46706a17","RoleId":"132b2fad-ee84-4086-8f19-cde0013fa5b0","Week":1,"Day":1,"KnowledgeTransferId":"94de603b-3253-49c0-80d5-db9a1330a424","ModeId":"4308b9b7-5961-4ca4-950e-3d48e102f208","OwnerId":null,"Owner":null,"Reference":"Understand Views in Asp.Net MVC - MVC","ScheduledDate":"2019-01-04T00:00:00","Active":true},{"AssociatePlan":[],"KnowledgeTransfer":null,"Mode":null,"ProjectGroup":null,"Role":null,"Id":"a8dfa10c-4bb8-4642-b089-9fcac79fc483","ProjectGroupId":"329f1241-1cae-47db-b07f-65bb46706a17","RoleId":"132b2fad-ee84-4086-8f19-cde0013fa5b0","Week":1,"Day":3,"KnowledgeTransferId":"ef27a0c4-8390-4cf9-b1d3-897a7be879ca","ModeId":"4308b9b7-5961-4ca4-950e-3d48e102f208","OwnerId":null,"Owner":null,"Reference":"Developing SPA - MVC","ScheduledDate":"2019-01-08T00:00:00","Active":true},{"AssociatePlan":[],"KnowledgeTransfer":null,"Mode":null,"ProjectGroup":null,"Role":null,"Id":"1b1cc698-1085-4dac-ae6b-a68f409e5f41","ProjectGroupId":"329f1241-1cae-47db-b07f-65bb46706a17","RoleId":"132b2fad-ee84-4086-8f19-cde0013fa5b0","Week":2,"Day":9,"KnowledgeTransferId":"62a9aef6-b864-49b6-9f63-f1377e024a5d","ModeId":"4308b9b7-5961-4ca4-950e-3d48e102f208","OwnerId":null,"Owner":null,"Reference":"ComponentWillReceiveProps - React JS","ScheduledDate":"2019-01-21T00:00:00","Active":true},{"AssociatePlan":[],"KnowledgeTransfer":null,"Mode":null,"ProjectGroup":null,"Role":null,"Id":"2543df72-50b4-43f8-a5d1-a7ff9c28137a","ProjectGroupId":"329f1241-1cae-47db-b07f-65bb46706a17","RoleId":"132b2fad-ee84-4086-8f19-cde0013fa5b0","Week":2,"Day":8,"KnowledgeTransferId":"6ca7dfd9-9468-49ea-b127-169f8ece8b30","ModeId":"4308b9b7-5961-4ca4-950e-3d48e102f208","OwnerId":null,"Owner":null,"Reference":"FLUX architecture - Dispatcher, Actions and Store - React JS","ScheduledDate":"2019-01-18T00:00:00","Active":true},{"AssociatePlan":[],"KnowledgeTransfer":null,"Mode":null,"ProjectGroup":null,"Role":null,"Id":"63c222f6-36c6-4ec7-99b1-aec428a51f62","ProjectGroupId":"329f1241-1cae-47db-b07f-65bb46706a17","RoleId":"132b2fad-ee84-4086-8f19-cde0013fa5b0","Week":1,"Day":5,"KnowledgeTransferId":"e54b1313-dc43-4e63-9995-e031c190f30e","ModeId":"4308b9b7-5961-4ca4-950e-3d48e102f208","OwnerId":null,"Owner":null,"Reference":"Small application using Javascript - JavaScript","ScheduledDate":"2019-01-08T00:00:00","Active":true},{"AssociatePlan":[],"KnowledgeTransfer":null,"Mode":null,"ProjectGroup":null,"Role":null,"Id":"bd8fd63a-4f06-4d0f-b857-b1d26418417c","ProjectGroupId":"329f1241-1cae-47db-b07f-65bb46706a17","RoleId":"132b2fad-ee84-4086-8f19-cde0013fa5b0","Week":1,"Day":1,"KnowledgeTransferId":"d3e97439-969a-4dd1-992a-3dfaded14f1f","ModeId":"4308b9b7-5961-4ca4-950e-3d48e102f208","OwnerId":null,"Owner":null,"Reference":"Understand Controller in Asp.Net MVC? - MVC","ScheduledDate":"2019-01-04T00:00:00","Active":true},{"AssociatePlan":[],"KnowledgeTransfer":null,"Mode":null,"ProjectGroup":null,"Role":null,"Id":"03aeac19-150e-43e7-baa1-b498e83addc6","ProjectGroupId":"329f1241-1cae-47db-b07f-65bb46706a17","RoleId":"132b2fad-ee84-4086-8f19-cde0013fa5b0","Week":2,"Day":10,"KnowledgeTransferId":"8ad837d9-38cf-4dd5-839c-4c70ac6beaa9","ModeId":"4308b9b7-5961-4ca4-950e-3d48e102f208","OwnerId":null,"Owner":null,"Reference":"Handling events across .tsx pages - React JS","ScheduledDate":"2019-01-22T00:00:00","Active":true},{"AssociatePlan":[],"KnowledgeTransfer":null,"Mode":null,"ProjectGroup":null,"Role":null,"Id":"e6119e60-c047-43c0-8a68-c1eb554d77b2","ProjectGroupId":"329f1241-1cae-47db-b07f-65bb46706a17","RoleId":"132b2fad-ee84-4086-8f19-cde0013fa5b0","Week":1,"Day":4,"KnowledgeTransferId":"4fdf33d8-f59d-459c-bdf0-72f200c9ff3d","ModeId":"4308b9b7-5961-4ca4-950e-3d48e102f208","OwnerId":null,"Owner":null,"Reference":"ForMember() - Mapping","ScheduledDate":"2019-01-07T00:00:00","Active":true},{"AssociatePlan":[],"KnowledgeTransfer":null,"Mode":null,"ProjectGroup":null,"Role":null,"Id":"db360354-ee10-44e4-97fa-c558428cb6b8","ProjectGroupId":"329f1241-1cae-47db-b07f-65bb46706a17","RoleId":"132b2fad-ee84-4086-8f19-cde0013fa5b0","Week":2,"Day":14,"KnowledgeTransferId":"9ba63779-843b-466c-ac0b-35d377c90284","ModeId":"4308b9b7-5961-4ca4-950e-3d48e102f208","OwnerId":null,"Owner":null,"Reference":"Assessment - Overall","ScheduledDate":"2019-01-24T00:00:00","Active":true},{"AssociatePlan":[],"KnowledgeTransfer":null,"Mode":null,"ProjectGroup":null,"Role":null,"Id":"2bcc822c-1bff-4b6a-a02c-c86003ac3f15","ProjectGroupId":"329f1241-1cae-47db-b07f-65bb46706a17","RoleId":"132b2fad-ee84-4086-8f19-cde0013fa5b0","Week":1,"Day":6,"KnowledgeTransferId":"8e06487b-0f69-4578-b61a-6310c6583db9","ModeId":"4308b9b7-5961-4ca4-950e-3d48e102f208","OwnerId":null,"Owner":null,"Reference":"Small application using Typescript - TypeScript","ScheduledDate":"2019-01-09T00:00:00","Active":true},{"AssociatePlan":[],"KnowledgeTransfer":null,"Mode":null,"ProjectGroup":null,"Role":null,"Id":"427b8c8c-b0e5-414d-970a-c8c78a7869df","ProjectGroupId":"329f1241-1cae-47db-b07f-65bb46706a17","RoleId":"132b2fad-ee84-4086-8f19-cde0013fa5b0","Week":1,"Day":7,"KnowledgeTransferId":"d8a0bff1-ddbf-4220-8730-7d5d0a2e51a4","ModeId":"4308b9b7-5961-4ca4-950e-3d48e102f208","OwnerId":null,"Owner":null,"Reference":"Virtual DOM in React JS - React JS","ScheduledDate":"2019-01-10T00:00:00","Active":true},{"AssociatePlan":[],"KnowledgeTransfer":null,"Mode":null,"ProjectGroup":null,"Role":null,"Id":"0dc83609-1be1-42b6-95bc-d4db5b40b30e","ProjectGroupId":"329f1241-1cae-47db-b07f-65bb46706a17","RoleId":"132b2fad-ee84-4086-8f19-cde0013fa5b0","Week":1,"Day":2,"KnowledgeTransferId":"ee4b48ff-8749-4395-96ef-6428d7120f9b","ModeId":"4308b9b7-5961-4ca4-950e-3d48e102f208","OwnerId":null,"Owner":null,"Reference":"Implementing View Model - MVC","ScheduledDate":"2019-01-07T00:00:00","Active":true},{"AssociatePlan":[],"KnowledgeTransfer":null,"Mode":null,"ProjectGroup":null,"Role":null,"Id":"0b858bd4-883d-462f-8147-e500f07743ab","ProjectGroupId":"329f1241-1cae-47db-b07f-65bb46706a17","RoleId":"132b2fad-ee84-4086-8f19-cde0013fa5b0","Week":1,"Day":1,"KnowledgeTransferId":"d324ab99-e71d-4c23-90d3-85cbaca29911","ModeId":"4308b9b7-5961-4ca4-950e-3d48e102f208","OwnerId":null,"Owner":null,"Reference":"Understand Routing - MVC","ScheduledDate":"2019-01-04T00:00:00","Active":true},{"AssociatePlan":[],"KnowledgeTransfer":null,"Mode":null,"ProjectGroup":null,"Role":null,"Id":"befb685e-eede-4f94-9dd4-edad1acc6147","ProjectGroupId":"329f1241-1cae-47db-b07f-65bb46706a17","RoleId":"132b2fad-ee84-4086-8f19-cde0013fa5b0","Week":1,"Day":5,"KnowledgeTransferId":"c13ba4fb-e1d3-4804-8823-5350b33b7370","ModeId":"4308b9b7-5961-4ca4-950e-3d48e102f208","OwnerId":null,"Owner":null,"Reference":"Basics of Javascript - JavaScript","ScheduledDate":"2019-01-08T00:00:00","Active":true},{"AssociatePlan":[],"KnowledgeTransfer":null,"Mode":null,"ProjectGroup":null,"Role":null,"Id":"409fbb0e-d057-4b70-9303-f1dee10f363a","ProjectGroupId":"329f1241-1cae-47db-b07f-65bb46706a17","RoleId":"132b2fad-ee84-4086-8f19-cde0013fa5b0","Week":2,"Day":9,"KnowledgeTransferId":"aacc91e8-559c-405d-a161-9ddb214a7e28","ModeId":"4308b9b7-5961-4ca4-950e-3d48e102f208","OwnerId":null,"Owner":null,"Reference":"ComponentWIllUpdate - React JS","ScheduledDate":"2019-01-21T00:00:00","Active":true},{"AssociatePlan":[],"KnowledgeTransfer":null,"Mode":null,"ProjectGroup":null,"Role":null,"Id":"5a823db6-e699-40e7-87a3-fecf391f882d","ProjectGroupId":"329f1241-1cae-47db-b07f-65bb46706a17","RoleId":"132b2fad-ee84-4086-8f19-cde0013fa5b0","Week":1,"Day":1,"KnowledgeTransferId":"49884ec0-d501-49ec-9cfa-438c4106e156","ModeId":"4308b9b7-5961-4ca4-950e-3d48e102f208","OwnerId":null,"Owner":null,"Reference":"MVC life cycle - MVC","ScheduledDate":"2019-01-04T00:00:00","Active":true}]